aust_credit,690,690,14,2,4,0,1.2623,0.1024,0.7713,NaN,1,NaN,1.9701,12.5538,0.9912,2.3012,0.113,8.77168,19.3646,ac2,3.893
aust_credit,690,690,14,2,4,0,1.2623,0.1024,0.7713,NaN,1,NaN,1.9701,12.5538,0.9912,2.3012,0.113,8.77168,19.3646,alloc80,5.45
aust_credit,690,690,14,2,4,0,1.2623,0.1024,0.7713,NaN,1,NaN,1.9701,12.5538,0.9912,2.3012,0.113,8.77168,19.3646,backprop,1.791
aust_credit,690,690,14,2,4,0,1.2623,0.1024,0.7713,NaN,1,NaN,1.9701,12.5538,0.9912,2.3012,0.113,8.77168,19.3646,bayes,1.557
aust_credit,690,690,14,2,4,0,1.2623,0.1024,0.7713,NaN,1,NaN,1.9701,12.5538,0.9912,2.3012,0.113,8.77168,19.3646,bayestree,3.114
aust_credit,690,690,14,2,4,0,1.2623,0.1024,0.7713,NaN,1,NaN,1.9701,12.5538,0.9912,2.3012,0.113,8.77168,19.3646,c4_5,1.868
aust_credit,690,690,14,2,4,0,1.2623,0.1024,0.7713,NaN,1,NaN,1.9701,12.5538,0.9912,2.3012,0.113,8.77168,19.3646,cart,1.09
aust_credit,690,690,14,2,4,0,1.2623,0.1024,0.7713,NaN,1,NaN,1.9701,12.5538,0.9912,2.3012,0.113,8.77168,19.3646,cal5,0
aust_credit,690,690,14,2,4,0,1.2623,0.1024,0.7713,NaN,1,NaN,1.9701,12.5538,0.9912,2.3012,0.113,8.77168,19.3646,cascade,67.655
aust_credit,690,690,14,2,4,0,1.2623,0.1024,0.7713,NaN,1,NaN,1.9701,12.5538,0.9912,2.3012,0.113,8.77168,19.3646,castle,1.324
aust_credit,690,690,14,2,4,0,1.2623,0.1024,0.7713,NaN,1,NaN,1.9701,12.5538,0.9912,2.3012,0.113,8.77168,19.3646,cn2,5.683
aust_credit,690,690,14,2,4,0,1.2623,0.1024,0.7713,NaN,1,NaN,1.9701,12.5538,0.9912,2.3012,0.113,8.77168,19.3646,default,24.057
aust_credit,690,690,14,2,4,0,1.2623,0.1024,0.7713,NaN,1,NaN,1.9701,12.5538,0.9912,2.3012,0.113,8.77168,19.3646,dipol92,0.779
aust_credit,690,690,14,2,4,0,1.2623,0.1024,0.7713,NaN,1,NaN,1.9701,12.5538,0.9912,2.3012,0.113,8.77168,19.3646,discrim,0.779
aust_credit,690,690,14,2,4,0,1.2623,0.1024,0.7713,NaN,1,NaN,1.9701,12.5538,0.9912,2.3012,0.113,8.77168,19.3646,itrule,0.467
aust_credit,690,690,14,2,4,0,1.2623,0.1024,0.7713,NaN,1,NaN,1.9701,12.5538,0.9912,2.3012,0.113,8.77168,19.3646,indcart,1.635
aust_credit,690,690,14,2,4,0,1.2623,0.1024,0.7713,NaN,1,NaN,1.9701,12.5538,0.9912,2.3012,0.113,8.77168,19.3646,knn,3.893
aust_credit,690,690,14,2,4,0,1.2623,0.1024,0.7713,NaN,1,NaN,1.9701,12.5538,0.9912,2.3012,0.113,8.77168,19.3646,kohonen,67.655
aust_credit,690,690,14,2,4,0,1.2623,0.1024,0.7713,NaN,1,NaN,1.9701,12.5538,0.9912,2.3012,0.113,8.77168,19.3646,lvq,5.138
aust_credit,690,690,14,2,4,0,1.2623,0.1024,0.7713,NaN,1,NaN,1.9701,12.5538,0.9912,2.3012,0.113,8.77168,19.3646,logdisc,0.779
aust_credit,690,690,14,2,4,0,1.2623,0.1024,0.7713,NaN,1,NaN,1.9701,12.5538,0.9912,2.3012,0.113,8.77168,19.3646,newid,3.893
aust_credit,690,690,14,2,4,0,1.2623,0.1024,0.7713,NaN,1,NaN,1.9701,12.5538,0.9912,2.3012,0.113,8.77168,19.3646,quadisc,5.917
aust_credit,690,690,14,2,4,0,1.2623,0.1024,0.7713,NaN,1,NaN,1.9701,12.5538,0.9912,2.3012,0.113,8.77168,19.3646,rbf,1.09
aust_credit,690,690,14,2,4,0,1.2623,0.1024,0.7713,NaN,1,NaN,1.9701,12.5538,0.9912,2.3012,0.113,8.77168,19.3646,smart,2.102
bt,16000,20000,7,2,0,0,1.0975,0.1146,0.6109,NaN,1,NaN,6.1012,93.1399,0.2893,2.7416,0.0495,5.84444,54.3859,ac2,9.035
bt,16000,20000,7,2,0,0,1.0975,0.1146,0.6109,NaN,1,NaN,6.1012,93.1399,0.2893,2.7416,0.0495,5.84444,54.3859,alloc80,9.939
bt,16000,20000,7,2,0,0,1.0975,0.1146,0.6109,NaN,1,NaN,6.1012,93.1399,0.2893,2.7416,0.0495,5.84444,54.3859,backprop,2.711
bt,16000,20000,7,2,0,0,1.0975,0.1146,0.6109,NaN,1,NaN,6.1012,93.1399,0.2893,2.7416,0.0495,5.84444,54.3859,bayes,20.781
bt,16000,20000,7,2,0,0,1.0975,0.1146,0.6109,NaN,1,NaN,6.1012,93.1399,0.2893,2.7416,0.0495,5.84444,54.3859,bayestree,7.228
bt,16000,20000,7,2,0,0,1.0975,0.1146,0.6109,NaN,1,NaN,6.1012,93.1399,0.2893,2.7416,0.0495,5.84444,54.3859,c4_5,1.807
bt,16000,20000,7,2,0,0,1.0975,0.1146,0.6109,NaN,1,NaN,6.1012,93.1399,0.2893,2.7416,0.0495,5.84444,54.3859,cart,885.438
bt,16000,20000,7,2,0,0,1.0975,0.1146,0.6109,NaN,1,NaN,6.1012,93.1399,0.2893,2.7416,0.0495,5.84444,54.3859,cal5,2.711
bt,16000,20000,7,2,0,0,1.0975,0.1146,0.6109,NaN,1,NaN,6.1012,93.1399,0.2893,2.7416,0.0495,5.84444,54.3859,cascade,885.438
bt,16000,20000,7,2,0,0,1.0975,0.1146,0.6109,NaN,1,NaN,6.1012,93.1399,0.2893,2.7416,0.0495,5.84444,54.3859,castle,24.395
bt,16000,20000,7,2,0,0,1.0975,0.1146,0.6109,NaN,1,NaN,6.1012,93.1399,0.2893,2.7416,0.0495,5.84444,54.3859,cn2,10.842
bt,16000,20000,7,2,0,0,1.0975,0.1146,0.6109,NaN,1,NaN,6.1012,93.1399,0.2893,2.7416,0.0495,5.84444,54.3859,default,27.105
bt,16000,20000,7,2,0,0,1.0975,0.1146,0.6109,NaN,1,NaN,6.1012,93.1399,0.2893,2.7416,0.0495,5.84444,54.3859,dipol92,0
bt,16000,20000,7,2,0,0,1.0975,0.1146,0.6109,NaN,1,NaN,6.1012,93.1399,0.2893,2.7416,0.0495,5.84444,54.3859,discrim,11.746
bt,16000,20000,7,2,0,0,1.0975,0.1146,0.6109,NaN,1,NaN,6.1012,93.1399,0.2893,2.7416,0.0495,5.84444,54.3859,itrule,23.491
bt,16000,20000,7,2,0,0,1.0975,0.1146,0.6109,NaN,1,NaN,6.1012,93.1399,0.2893,2.7416,0.0495,5.84444,54.3859,indcart,4.518
bt,16000,20000,7,2,0,0,1.0975,0.1146,0.6109,NaN,1,NaN,6.1012,93.1399,0.2893,2.7416,0.0495,5.84444,54.3859,knn,9.939
bt,16000,20000,7,2,0,0,1.0975,0.1146,0.6109,NaN,1,NaN,6.1012,93.1399,0.2893,2.7416,0.0495,5.84444,54.3859,kohonen,20.781
bt,16000,20000,7,2,0,0,1.0975,0.1146,0.6109,NaN,1,NaN,6.1012,93.1399,0.2893,2.7416,0.0495,5.84444,54.3859,lvq,18.07
bt,16000,20000,7,2,0,0,1.0975,0.1146,0.6109,NaN,1,NaN,6.1012,93.1399,0.2893,2.7416,0.0495,5.84444,54.3859,logdisc,9.035
bt,16000,20000,7,2,0,0,1.0975,0.1146,0.6109,NaN,1,NaN,6.1012,93.1399,0.2893,2.7416,0.0495,5.84444,54.3859,newid,11.746
bt,16000,20000,7,2,0,0,1.0975,0.1146,0.6109,NaN,1,NaN,6.1012,93.1399,0.2893,2.7416,0.0495,5.84444,54.3859,quadisc,27.105
bt,16000,20000,7,2,0,0,1.0975,0.1146,0.6109,NaN,1,NaN,6.1012,93.1399,0.2893,2.7416,0.0495,5.84444,54.3859,rbf,9.939
bt,16000,20000,7,2,0,0,1.0975,0.1146,0.6109,NaN,1,NaN,6.1012,93.1399,0.2893,2.7416,0.0495,5.84444,54.3859,smart,0
belgian,1250,2500,28,2,0,0,1.5124,0.3503,0.8869,NaN,1,NaN,0.4334,2.6581,0.9453,5.4853,0.3172,2.98014,16.2929,ac2,12.819
belgian,1250,2500,28,2,0,0,1.5124,0.3503,0.8869,NaN,1,NaN,0.4334,2.6581,0.9453,5.4853,0.3172,2.98014,16.2929,alloc80,17.397
belgian,1250,2500,28,2,0,0,1.5124,0.3503,0.8869,NaN,1,NaN,0.4334,2.6581,0.9453,5.4853,0.3172,2.98014,16.2929,backprop,5.036
belgian,1250,2500,28,2,0,0,1.5124,0.3503,0.8869,NaN,1,NaN,0.4334,2.6581,0.9453,5.4853,0.3172,2.98014,16.2929,bayes,25.637
belgian,1250,2500,28,2,0,0,1.5124,0.3503,0.8869,NaN,1,NaN,0.4334,2.6581,0.9453,5.4853,0.3172,2.98014,16.2929,bayestree,10.987
belgian,1250,2500,28,2,0,0,1.5124,0.3503,0.8869,NaN,1,NaN,0.4334,2.6581,0.9453,5.4853,0.3172,2.98014,16.2929,c4_5,15.566
belgian,1250,2500,28,2,0,0,1.5124,0.3503,0.8869,NaN,1,NaN,0.4334,2.6581,0.9453,5.4853,0.3172,2.98014,16.2929,cart,12.819
belgian,1250,2500,28,2,0,0,1.5124,0.3503,0.8869,NaN,1,NaN,0.4334,2.6581,0.9453,5.4853,0.3172,2.98014,16.2929,cal5,10.53
belgian,1250,2500,28,2,0,0,1.5124,0.3503,0.8869,NaN,1,NaN,0.4334,2.6581,0.9453,5.4853,0.3172,2.98014,16.2929,cascade,455.064
belgian,1250,2500,28,2,0,0,1.5124,0.3503,0.8869,NaN,1,NaN,0.4334,2.6581,0.9453,5.4853,0.3172,2.98014,16.2929,castle,18.77
belgian,1250,2500,28,2,0,0,1.5124,0.3503,0.8869,NaN,1,NaN,0.4334,2.6581,0.9453,5.4853,0.3172,2.98014,16.2929,cn2,11.903
belgian,1250,2500,28,2,0,0,1.5124,0.3503,0.8869,NaN,1,NaN,0.4334,2.6581,0.9453,5.4853,0.3172,2.98014,16.2929,default,162.981
belgian,1250,2500,28,2,0,0,1.5124,0.3503,0.8869,NaN,1,NaN,0.4334,2.6581,0.9453,5.4853,0.3172,2.98014,16.2929,dipol92,5.494
belgian,1250,2500,28,2,0,0,1.5124,0.3503,0.8869,NaN,1,NaN,0.4334,2.6581,0.9453,5.4853,0.3172,2.98014,16.2929,discrim,8.698
belgian,1250,2500,28,2,0,0,1.5124,0.3503,0.8869,NaN,1,NaN,0.4334,2.6581,0.9453,5.4853,0.3172,2.98014,16.2929,itrule,27.011
belgian,1250,2500,28,2,0,0,1.5124,0.3503,0.8869,NaN,1,NaN,0.4334,2.6581,0.9453,5.4853,0.3172,2.98014,16.2929,indcart,12.819
belgian,1250,2500,28,2,0,0,1.5124,0.3503,0.8869,NaN,1,NaN,0.4334,2.6581,0.9453,5.4853,0.3172,2.98014,16.2929,knn,24.264
belgian,1250,2500,28,2,0,0,1.5124,0.3503,0.8869,NaN,1,NaN,0.4334,2.6581,0.9453,5.4853,0.3172,2.98014,16.2929,kohonen,22.891
belgian,1250,2500,28,2,0,0,1.5124,0.3503,0.8869,NaN,1,NaN,0.4334,2.6581,0.9453,5.4853,0.3172,2.98014,16.2929,lvq,21.975
belgian,1250,2500,28,2,0,0,1.5124,0.3503,0.8869,NaN,1,NaN,0.4334,2.6581,0.9453,5.4853,0.3172,2.98014,16.2929,logdisc,0.458
belgian,1250,2500,28,2,0,0,1.5124,0.3503,0.8869,NaN,1,NaN,0.4334,2.6581,0.9453,5.4853,0.3172,2.98014,16.2929,newid,9.614
belgian,1250,2500,28,2,0,0,1.5124,0.3503,0.8869,NaN,1,NaN,0.4334,2.6581,0.9453,5.4853,0.3172,2.98014,16.2929,quadisc,21.059
belgian,1250,2500,28,2,0,0,1.5124,0.3503,0.8869,NaN,1,NaN,0.4334,2.6581,0.9453,5.4853,0.3172,2.98014,16.2929,rbf,12.819
belgian,1250,2500,28,2,0,0,1.5124,0.3503,0.8869,NaN,1,NaN,0.4334,2.6581,0.9453,5.4853,0.3172,2.98014,16.2929,smart,0
cut,7480,18700,20,2,0,0,1.032,0.2178,0.55,NaN,1,NaN,0.9012,3.5214,0.3256,4.6908,0.0292,160.644,159.644,ac2,13.84
cut,7480,18700,20,2,0,0,1.032,0.2178,0.55,NaN,1,NaN,0.9012,3.5214,0.3256,4.6908,0.0292,160.644,159.644,alloc80,1.432
cut,7480,18700,20,2,0,0,1.032,0.2178,0.55,NaN,1,NaN,0.9012,3.5214,0.3256,4.6908,0.0292,160.644,159.644,backprop,4.295
cut,7480,18700,20,2,0,0,1.032,0.2178,0.55,NaN,1,NaN,0.9012,3.5214,0.3256,4.6908,0.0292,160.644,159.644,bayes,20.521
cut,7480,18700,20,2,0,0,1.032,0.2178,0.55,NaN,1,NaN,0.9012,3.5214,0.3256,4.6908,0.0292,160.644,159.644,bayestree,0
cut,7480,18700,20,2,0,0,1.032,0.2178,0.55,NaN,1,NaN,0.9012,3.5214,0.3256,4.6908,0.0292,160.644,159.644,c4_5,0.954
cut,7480,18700,20,2,0,0,1.032,0.2178,0.55,NaN,1,NaN,0.9012,3.5214,0.3256,4.6908,0.0292,160.644,159.644,cart,460.999
cut,7480,18700,20,2,0,0,1.032,0.2178,0.55,NaN,1,NaN,0.9012,3.5214,0.3256,4.6908,0.0292,160.644,159.644,cal5,5.249
cut,7480,18700,20,2,0,0,1.032,0.2178,0.55,NaN,1,NaN,0.9012,3.5214,0.3256,4.6908,0.0292,160.644,159.644,cascade,460.999
cut,7480,18700,20,2,0,0,1.032,0.2178,0.55,NaN,1,NaN,0.9012,3.5214,0.3256,4.6908,0.0292,160.644,159.644,castle,12.885
cut,7480,18700,20,2,0,0,1.032,0.2178,0.55,NaN,1,NaN,0.9012,3.5214,0.3256,4.6908,0.0292,160.644,159.644,cn2,3.818
cut,7480,18700,20,2,0,0,1.032,0.2178,0.55,NaN,1,NaN,0.9012,3.5214,0.3256,4.6908,0.0292,160.644,159.644,default,12.408
cut,7480,18700,20,2,0,0,1.032,0.2178,0.55,NaN,1,NaN,0.9012,3.5214,0.3256,4.6908,0.0292,160.644,159.644,dipol92,5.249
cut,7480,18700,20,2,0,0,1.032,0.2178,0.55,NaN,1,NaN,0.9012,3.5214,0.3256,4.6908,0.0292,160.644,159.644,discrim,7.636
cut,7480,18700,20,2,0,0,1.032,0.2178,0.55,NaN,1,NaN,0.9012,3.5214,0.3256,4.6908,0.0292,160.644,159.644,itrule,22.907
cut,7480,18700,20,2,0,0,1.032,0.2178,0.55,NaN,1,NaN,0.9012,3.5214,0.3256,4.6908,0.0292,160.644,159.644,indcart,2.863
cut,7480,18700,20,2,0,0,1.032,0.2178,0.55,NaN,1,NaN,0.9012,3.5214,0.3256,4.6908,0.0292,160.644,159.644,knn,0.954
cut,7480,18700,20,2,0,0,1.032,0.2178,0.55,NaN,1,NaN,0.9012,3.5214,0.3256,4.6908,0.0292,160.644,159.644,kohonen,7.636
cut,7480,18700,20,2,0,0,1.032,0.2178,0.55,NaN,1,NaN,0.9012,3.5214,0.3256,4.6908,0.0292,160.644,159.644,lvq,3.341
cut,7480,18700,20,2,0,0,1.032,0.2178,0.55,NaN,1,NaN,0.9012,3.5214,0.3256,4.6908,0.0292,160.644,159.644,logdisc,5.727
cut,7480,18700,20,2,0,0,1.032,0.2178,0.55,NaN,1,NaN,0.9012,3.5214,0.3256,4.6908,0.0292,160.644,159.644,newid,2.386
cut,7480,18700,20,2,0,0,1.032,0.2178,0.55,NaN,1,NaN,0.9012,3.5214,0.3256,4.6908,0.0292,160.644,159.644,quadisc,25.77
cut,7480,18700,20,2,0,0,1.032,0.2178,0.55,NaN,1,NaN,0.9012,3.5214,0.3256,4.6908,0.0292,160.644,159.644,rbf,4.772
cut,7480,18700,20,2,0,0,1.032,0.2178,0.55,NaN,1,NaN,0.9012,3.5214,0.3256,4.6908,0.0292,160.644,159.644,smart,6.204
chromosone,20000,40000,16,24,0,0,1.3218,0.1885,0.9884,0.9191,0.1505,0.2807,0.42,4.4024,4.5603,5.6411,1.3149,3.46817,3.29014,ac2,76.475
chromosone,20000,40000,16,24,0,0,1.3218,0.1885,0.9884,0.9191,0.1505,0.2807,0.42,4.4024,4.5603,5.6411,1.3149,3.46817,3.29014,alloc80,86.162
chromosone,20000,40000,16,24,0,0,1.3218,0.1885,0.9884,0.9191,0.1505,0.2807,0.42,4.4024,4.5603,5.6411,1.3149,3.46817,3.29014,backprop,467.007
chromosone,20000,40000,16,24,0,0,1.3218,0.1885,0.9884,0.9191,0.1505,0.2807,0.42,4.4024,4.5603,5.6411,1.3149,3.46817,3.29014,bayes,122.36
chromosone,20000,40000,16,24,0,0,1.3218,0.1885,0.9884,0.9191,0.1505,0.2807,0.42,4.4024,4.5603,5.6411,1.3149,3.46817,3.29014,bayestree,40.787
chromosone,20000,40000,16,24,0,0,1.3218,0.1885,0.9884,0.9191,0.1505,0.2807,0.42,4.4024,4.5603,5.6411,1.3149,3.46817,3.29014,c4_5,46.395
chromosone,20000,40000,16,24,0,0,1.3218,0.1885,0.9884,0.9191,0.1505,0.2807,0.42,4.4024,4.5603,5.6411,1.3149,3.46817,3.29014,cart,467.007
chromosone,20000,40000,16,24,0,0,1.3218,0.1885,0.9884,0.9191,0.1505,0.2807,0.42,4.4024,4.5603,5.6411,1.3149,3.46817,3.29014,cal5,81.573
chromosone,20000,40000,16,24,0,0,1.3218,0.1885,0.9884,0.9191,0.1505,0.2807,0.42,4.4024,4.5603,5.6411,1.3149,3.46817,3.29014,cascade,467.007
chromosone,20000,40000,16,24,0,0,1.3218,0.1885,0.9884,0.9191,0.1505,0.2807,0.42,4.4024,4.5603,5.6411,1.3149,3.46817,3.29014,castle,47.924
chromosone,20000,40000,16,24,0,0,1.3218,0.1885,0.9884,0.9191,0.1505,0.2807,0.42,4.4024,4.5603,5.6411,1.3149,3.46817,3.29014,cn2,33.649
chromosone,20000,40000,16,24,0,0,1.3218,0.1885,0.9884,0.9191,0.1505,0.2807,0.42,4.4024,4.5603,5.6411,1.3149,3.46817,3.29014,default,446.613
chromosone,20000,40000,16,24,0,0,1.3218,0.1885,0.9884,0.9191,0.1505,0.2807,0.42,4.4024,4.5603,5.6411,1.3149,3.46817,3.29014,dipol92,3.569
chromosone,20000,40000,16,24,0,0,1.3218,0.1885,0.9884,0.9191,0.1505,0.2807,0.42,4.4024,4.5603,5.6411,1.3149,3.46817,3.29014,discrim,11.726
chromosone,20000,40000,16,24,0,0,1.3218,0.1885,0.9884,0.9191,0.1505,0.2807,0.42,4.4024,4.5603,5.6411,1.3149,3.46817,3.29014,itrule,312.527
chromosone,20000,40000,16,24,0,0,1.3218,0.1885,0.9884,0.9191,0.1505,0.2807,0.42,4.4024,4.5603,5.6411,1.3149,3.46817,3.29014,indcart,45.375
chromosone,20000,40000,16,24,0,0,1.3218,0.1885,0.9884,0.9191,0.1505,0.2807,0.42,4.4024,4.5603,5.6411,1.3149,3.46817,3.29014,knn,19.883
chromosone,20000,40000,16,24,0,0,1.3218,0.1885,0.9884,0.9191,0.1505,0.2807,0.42,4.4024,4.5603,5.6411,1.3149,3.46817,3.29014,kohonen,45.885
chromosone,20000,40000,16,24,0,0,1.3218,0.1885,0.9884,0.9191,0.1505,0.2807,0.42,4.4024,4.5603,5.6411,1.3149,3.46817,3.29014,lvq,18.864
chromosone,20000,40000,16,24,0,0,1.3218,0.1885,0.9884,0.9191,0.1505,0.2807,0.42,4.4024,4.5603,5.6411,1.3149,3.46817,3.29014,logdisc,23.962
chromosone,20000,40000,16,24,0,0,1.3218,0.1885,0.9884,0.9191,0.1505,0.2807,0.42,4.4024,4.5603,5.6411,1.3149,3.46817,3.29014,newid,46.905
chromosone,20000,40000,16,24,0,0,1.3218,0.1885,0.9884,0.9191,0.1505,0.2807,0.42,4.4024,4.5603,5.6411,1.3149,3.46817,3.29014,quadisc,0
chromosone,20000,40000,16,24,0,0,1.3218,0.1885,0.9884,0.9191,0.1505,0.2807,0.42,4.4024,4.5603,5.6411,1.3149,3.46817,3.29014,rbf,22.942
chromosone,20000,40000,16,24,0,0,1.3218,0.1885,0.9884,0.9191,0.1505,0.2807,0.42,4.4024,4.5603,5.6411,1.3149,3.46817,3.29014,smart,22.433
credit,2670,8900,16,2,8,0,1.0273,0.0825,0.7618,NaN,1,NaN,1.2082,4.4046,1,1.77,0.641,1.56006,1.76131,ac2,9.523
credit,2670,8900,16,2,8,0,1.0273,0.0825,0.7618,NaN,1,NaN,1.2082,4.4046,1,1.77,0.641,1.56006,1.76131,alloc80,17.142
credit,2670,8900,16,2,8,0,1.0273,0.0825,0.7618,NaN,1,NaN,1.2082,4.4046,1,1.77,0.641,1.56006,1.76131,backprop,9.714
credit,2670,8900,16,2,8,0,1.0273,0.0825,0.7618,NaN,1,NaN,1.2082,4.4046,1,1.77,0.641,1.56006,1.76131,bayes,14.475
credit,2670,8900,16,2,8,0,1.0273,0.0825,0.7618,NaN,1,NaN,1.2082,4.4046,1,1.77,0.641,1.56006,1.76131,bayestree,8.38
credit,2670,8900,16,2,8,0,1.0273,0.0825,0.7618,NaN,1,NaN,1.2082,4.4046,1,1.77,0.641,1.56006,1.76131,c4_5,0
credit,2670,8900,16,2,8,0,1.0273,0.0825,0.7618,NaN,1,NaN,1.2082,4.4046,1,1.77,0.641,1.56006,1.76131,cart,9.523
credit,2670,8900,16,2,8,0,1.0273,0.0825,0.7618,NaN,1,NaN,1.2082,4.4046,1,1.77,0.641,1.56006,1.76131,cal5,0.762
credit,2670,8900,16,2,8,0,1.0273,0.0825,0.7618,NaN,1,NaN,1.2082,4.4046,1,1.77,0.641,1.56006,1.76131,cascade,14.666
credit,2670,8900,16,2,8,0,1.0273,0.0825,0.7618,NaN,1,NaN,1.2082,4.4046,1,1.77,0.641,1.56006,1.76131,castle,7.428
credit,2670,8900,16,2,8,0,1.0273,0.0825,0.7618,NaN,1,NaN,1.2082,4.4046,1,1.77,0.641,1.56006,1.76131,cn2,10.095
credit,2670,8900,16,2,8,0,1.0273,0.0825,0.7618,NaN,1,NaN,1.2082,4.4046,1,1.77,0.641,1.56006,1.76131,default,79.805
credit,2670,8900,16,2,8,0,1.0273,0.0825,0.7618,NaN,1,NaN,1.2082,4.4046,1,1.77,0.641,1.56006,1.76131,dipol92,9.333
credit,2670,8900,16,2,8,0,1.0273,0.0825,0.7618,NaN,1,NaN,1.2082,4.4046,1,1.77,0.641,1.56006,1.76131,discrim,9.523
credit,2670,8900,16,2,8,0,1.0273,0.0825,0.7618,NaN,1,NaN,1.2082,4.4046,1,1.77,0.641,1.56006,1.76131,itrule,16.761
credit,2670,8900,16,2,8,0,1.0273,0.0825,0.7618,NaN,1,NaN,1.2082,4.4046,1,1.77,0.641,1.56006,1.76131,indcart,0
credit,2670,8900,16,2,8,0,1.0273,0.0825,0.7618,NaN,1,NaN,1.2082,4.4046,1,1.77,0.641,1.56006,1.76131,knn,21.713
credit,2670,8900,16,2,8,0,1.0273,0.0825,0.7618,NaN,1,NaN,1.2082,4.4046,1,1.77,0.641,1.56006,1.76131,kohonen,20.951
credit,2670,8900,16,2,8,0,1.0273,0.0825,0.7618,NaN,1,NaN,1.2082,4.4046,1,1.77,0.641,1.56006,1.76131,lvq,16.19
credit,2670,8900,16,2,8,0,1.0273,0.0825,0.7618,NaN,1,NaN,1.2082,4.4046,1,1.77,0.641,1.56006,1.76131,logdisc,9.714
credit,2670,8900,16,2,8,0,1.0273,0.0825,0.7618,NaN,1,NaN,1.2082,4.4046,1,1.77,0.641,1.56006,1.76131,newid,9.523
credit,2670,8900,16,2,8,0,1.0273,0.0825,0.7618,NaN,1,NaN,1.2082,4.4046,1,1.77,0.641,1.56006,1.76131,quadisc,11.428
credit,2670,8900,16,2,8,0,1.0273,0.0825,0.7618,NaN,1,NaN,1.2082,4.4046,1,1.77,0.641,1.56006,1.76131,rbf,9.523
credit,2670,8900,16,2,8,0,1.0273,0.0825,0.7618,NaN,1,NaN,1.2082,4.4046,1,1.77,0.641,1.56006,1.76131,smart,5.524
dna,1186,3186,180,3,0,0,1.5407,0.0456,0.8729,0.83,0.5252,1,2.5582,29.5674,1.4725,0.8072,0.0218,67.5459,36.0275,ac2,10.247
dna,1186,3186,180,3,0,0,1.5407,0.0456,0.8729,0.83,0.5252,1,2.5582,29.5674,1.4725,0.8072,0.0218,67.5459,36.0275,alloc80,2.779
dna,1186,3186,180,3,0,0,1.5407,0.0456,0.8729,0.83,0.5252,1,2.5582,29.5674,1.4725,0.8072,0.0218,67.5459,36.0275,backprop,8.163
dna,1186,3186,180,3,0,0,1.5407,0.0456,0.8729,0.83,0.5252,1,2.5582,29.5674,1.4725,0.8072,0.0218,67.5459,36.0275,bayes,4.689
dna,1186,3186,180,3,0,0,1.5407,0.0456,0.8729,0.83,0.5252,1,2.5582,29.5674,1.4725,0.8072,0.0218,67.5459,36.0275,bayestree,9.379
dna,1186,3186,180,3,0,0,1.5407,0.0456,0.8729,0.83,0.5252,1,2.5582,29.5674,1.4725,0.8072,0.0218,67.5459,36.0275,c4_5,6.079
dna,1186,3186,180,3,0,0,1.5407,0.0456,0.8729,0.83,0.5252,1,2.5582,29.5674,1.4725,0.8072,0.0218,67.5459,36.0275,cart,7.642
dna,1186,3186,180,3,0,0,1.5407,0.0456,0.8729,0.83,0.5252,1,2.5582,29.5674,1.4725,0.8072,0.0218,67.5459,36.0275,cal5,15.631
dna,1186,3186,180,3,0,0,1.5407,0.0456,0.8729,0.83,0.5252,1,2.5582,29.5674,1.4725,0.8072,0.0218,67.5459,36.0275,cascade,166.556
dna,1186,3186,180,3,0,0,1.5407,0.0456,0.8729,0.83,0.5252,1,2.5582,29.5674,1.4725,0.8072,0.0218,67.5459,36.0275,castle,5.384
dna,1186,3186,180,3,0,0,1.5407,0.0456,0.8729,0.83,0.5252,1,2.5582,29.5674,1.4725,0.8072,0.0218,67.5459,36.0275,cn2,9.379
dna,1186,3186,180,3,0,0,1.5407,0.0456,0.8729,0.83,0.5252,1,2.5582,29.5674,1.4725,0.8072,0.0218,67.5459,36.0275,default,76.244
dna,1186,3186,180,3,0,0,1.5407,0.0456,0.8729,0.83,0.5252,1,2.5582,29.5674,1.4725,0.8072,0.0218,67.5459,36.0275,dipol92,1.216
dna,1186,3186,180,3,0,0,1.5407,0.0456,0.8729,0.83,0.5252,1,2.5582,29.5674,1.4725,0.8072,0.0218,67.5459,36.0275,discrim,3.126
dna,1186,3186,180,3,0,0,1.5407,0.0456,0.8729,0.83,0.5252,1,2.5582,29.5674,1.4725,0.8072,0.0218,67.5459,36.0275,itrule,16.326
dna,1186,3186,180,3,0,0,1.5407,0.0456,0.8729,0.83,0.5252,1,2.5582,29.5674,1.4725,0.8072,0.0218,67.5459,36.0275,indcart,5.558
dna,1186,3186,180,3,0,0,1.5407,0.0456,0.8729,0.83,0.5252,1,2.5582,29.5674,1.4725,0.8072,0.0218,67.5459,36.0275,knn,19.799
dna,1186,3186,180,3,0,0,1.5407,0.0456,0.8729,0.83,0.5252,1,2.5582,29.5674,1.4725,0.8072,0.0218,67.5459,36.0275,kohonen,51.756
dna,1186,3186,180,3,0,0,1.5407,0.0456,0.8729,0.83,0.5252,1,2.5582,29.5674,1.4725,0.8072,0.0218,67.5459,36.0275,lvq,166.556
dna,1186,3186,180,3,0,0,1.5407,0.0456,0.8729,0.83,0.5252,1,2.5582,29.5674,1.4725,0.8072,0.0218,67.5459,36.0275,logdisc,3.474
dna,1186,3186,180,3,0,0,1.5407,0.0456,0.8729,0.83,0.5252,1,2.5582,29.5674,1.4725,0.8072,0.0218,67.5459,36.0275,newid,10.247
dna,1186,3186,180,3,0,0,1.5407,0.0456,0.8729,0.83,0.5252,1,2.5582,29.5674,1.4725,0.8072,0.0218,67.5459,36.0275,quadisc,3.126
dna,1186,3186,180,3,0,0,1.5407,0.0456,0.8729,0.83,0.5252,1,2.5582,29.5674,1.4725,0.8072,0.0218,67.5459,36.0275,rbf,0
dna,1186,3186,180,3,0,0,1.5407,0.0456,0.8729,0.83,0.5252,1,2.5582,29.5674,1.4725,0.8072,0.0218,67.5459,36.0275,smart,17.368
diabetes,768,768,8,2,0,0,1.0377,0.1439,0.5507,NaN,1,NaN,1.0586,5.827,0.9331,4.5301,0.112,8.33125,39.4473,ac2,3.529
diabetes,768,768,8,2,0,0,1.0377,0.1439,0.5507,NaN,1,NaN,1.0586,5.827,0.9331,4.5301,0.112,8.33125,39.4473,alloc80,5.193
diabetes,768,768,8,2,0,0,1.0377,0.1439,0.5507,NaN,1,NaN,1.0586,5.827,0.9331,4.5301,0.112,8.33125,39.4473,backprop,1.664
diabetes,768,768,8,2,0,0,1.0377,0.1439,0.5507,NaN,1,NaN,1.0586,5.827,0.9331,4.5301,0.112,8.33125,39.4473,bayes,2.596
diabetes,768,768,8,2,0,0,1.0377,0.1439,0.5507,NaN,1,NaN,1.0586,5.827,0.9331,4.5301,0.112,8.33125,39.4473,bayestree,3.196
diabetes,768,768,8,2,0,0,1.0377,0.1439,0.5507,NaN,1,NaN,1.0586,5.827,0.9331,4.5301,0.112,8.33125,39.4473,c4_5,3.129
diabetes,768,768,8,2,0,0,1.0377,0.1439,0.5507,NaN,1,NaN,1.0586,5.827,0.9331,4.5301,0.112,8.33125,39.4473,cart,2.13
diabetes,768,768,8,2,0,0,1.0377,0.1439,0.5507,NaN,1,NaN,1.0586,5.827,0.9331,4.5301,0.112,8.33125,39.4473,cal5,1.798
diabetes,768,768,8,2,0,0,1.0377,0.1439,0.5507,NaN,1,NaN,1.0586,5.827,0.9331,4.5301,0.112,8.33125,39.4473,cascade,51.73
diabetes,768,768,8,2,0,0,1.0377,0.1439,0.5507,NaN,1,NaN,1.0586,5.827,0.9331,4.5301,0.112,8.33125,39.4473,castle,2.33
diabetes,768,768,8,2,0,0,1.0377,0.1439,0.5507,NaN,1,NaN,1.0586,5.827,0.9331,4.5301,0.112,8.33125,39.4473,cn2,4.394
diabetes,768,768,8,2,0,0,1.0377,0.1439,0.5507,NaN,1,NaN,1.0586,5.827,0.9331,4.5301,0.112,8.33125,39.4473,default,8.455
diabetes,768,768,8,2,0,0,1.0377,0.1439,0.5507,NaN,1,NaN,1.0586,5.827,0.9331,4.5301,0.112,8.33125,39.4473,dipol92,0.067
diabetes,768,768,8,2,0,0,1.0377,0.1439,0.5507,NaN,1,NaN,1.0586,5.827,0.9331,4.5301,0.112,8.33125,39.4473,discrim,0.133
diabetes,768,768,8,2,0,0,1.0377,0.1439,0.5507,NaN,1,NaN,1.0586,5.827,0.9331,4.5301,0.112,8.33125,39.4473,itrule,1.465
diabetes,768,768,8,2,0,0,1.0377,0.1439,0.5507,NaN,1,NaN,1.0586,5.827,0.9331,4.5301,0.112,8.33125,39.4473,indcart,3.196
diabetes,768,768,8,2,0,0,1.0377,0.1439,0.5507,NaN,1,NaN,1.0586,5.827,0.9331,4.5301,0.112,8.33125,39.4473,knn,6.724
diabetes,768,768,8,2,0,0,1.0377,0.1439,0.5507,NaN,1,NaN,1.0586,5.827,0.9331,4.5301,0.112,8.33125,39.4473,kohonen,3.329
diabetes,768,768,8,2,0,0,1.0377,0.1439,0.5507,NaN,1,NaN,1.0586,5.827,0.9331,4.5301,0.112,8.33125,39.4473,lvq,3.262
diabetes,768,768,8,2,0,0,1.0377,0.1439,0.5507,NaN,1,NaN,1.0586,5.827,0.9331,4.5301,0.112,8.33125,39.4473,logdisc,0
diabetes,768,768,8,2,0,0,1.0377,0.1439,0.5507,NaN,1,NaN,1.0586,5.827,0.9331,4.5301,0.112,8.33125,39.4473,newid,4.394
diabetes,768,768,8,2,0,0,1.0377,0.1439,0.5507,NaN,1,NaN,1.0586,5.827,0.9331,4.5301,0.112,8.33125,39.4473,quadisc,2.596
diabetes,768,768,8,2,0,0,1.0377,0.1439,0.5507,NaN,1,NaN,1.0586,5.827,0.9331,4.5301,0.112,8.33125,39.4473,rbf,1.332
diabetes,768,768,8,2,0,0,1.0377,0.1439,0.5507,NaN,1,NaN,1.0586,5.827,0.9331,4.5301,0.112,8.33125,39.4473,smart,0.599
digits,9000,18000,16,10,0,0,1.5673,0.2119,0.8929,0.8902,0.2031,0.4049,0.8562,5.1256,3.3219,6.5452,0.5049,6.57932,11.9634,ac2,48.412
digits,9000,18000,16,10,0,0,1.5673,0.2119,0.8929,0.8902,0.2031,0.4049,0.8562,5.1256,3.3219,6.5452,0.5049,6.57932,11.9634,alloc80,9.413
digits,9000,18000,16,10,0,0,1.5673,0.2119,0.8929,0.8902,0.2031,0.4049,0.8562,5.1256,3.3219,6.5452,0.5049,6.57932,11.9634,backprop,14.792
digits,9000,18000,16,10,0,0,1.5673,0.2119,0.8929,0.8902,0.2031,0.4049,0.8562,5.1256,3.3219,6.5452,0.5049,6.57932,11.9634,bayes,83.376
digits,9000,18000,16,10,0,0,1.5673,0.2119,0.8929,0.8902,0.2031,0.4049,0.8562,5.1256,3.3219,6.5452,0.5049,6.57932,11.9634,bayestree,41.688
digits,9000,18000,16,10,0,0,1.5673,0.2119,0.8929,0.8902,0.2031,0.4049,0.8562,5.1256,3.3219,6.5452,0.5049,6.57932,11.9634,c4_5,45.722
digits,9000,18000,16,10,0,0,1.5673,0.2119,0.8929,0.8902,0.2031,0.4049,0.8562,5.1256,3.3219,6.5452,0.5049,6.57932,11.9634,cart,50.653
digits,9000,18000,16,10,0,0,1.5673,0.2119,0.8929,0.8902,0.2031,0.4049,0.8562,5.1256,3.3219,6.5452,0.5049,6.57932,11.9634,cal5,77.548
digits,9000,18000,16,10,0,0,1.5673,0.2119,0.8929,0.8902,0.2031,0.4049,0.8562,5.1256,3.3219,6.5452,0.5049,6.57932,11.9634,cascade,8.069
digits,9000,18000,16,10,0,0,1.5673,0.2119,0.8929,0.8902,0.2031,0.4049,0.8562,5.1256,3.3219,6.5452,0.5049,6.57932,11.9634,castle,55.135
digits,9000,18000,16,10,0,0,1.5673,0.2119,0.8929,0.8902,0.2031,0.4049,0.8562,5.1256,3.3219,6.5452,0.5049,6.57932,11.9634,cn2,38.998
digits,9000,18000,16,10,0,0,1.5673,0.2119,0.8929,0.8902,0.2031,0.4049,0.8562,5.1256,3.3219,6.5452,0.5049,6.57932,11.9634,default,382.362
digits,9000,18000,16,10,0,0,1.5673,0.2119,0.8929,0.8902,0.2031,0.4049,0.8562,5.1256,3.3219,6.5452,0.5049,6.57932,11.9634,dipol92,11.206
digits,9000,18000,16,10,0,0,1.5673,0.2119,0.8929,0.8902,0.2031,0.4049,0.8562,5.1256,3.3219,6.5452,0.5049,6.57932,11.9634,discrim,30.033
digits,9000,18000,16,10,0,0,1.5673,0.2119,0.8929,0.8902,0.2031,0.4049,0.8562,5.1256,3.3219,6.5452,0.5049,6.57932,11.9634,itrule,78.445
digits,9000,18000,16,10,0,0,1.5673,0.2119,0.8929,0.8902,0.2031,0.4049,0.8562,5.1256,3.3219,6.5452,0.5049,6.57932,11.9634,indcart,47.963
digits,9000,18000,16,10,0,0,1.5673,0.2119,0.8929,0.8902,0.2031,0.4049,0.8562,5.1256,3.3219,6.5452,0.5049,6.57932,11.9634,knn,0
digits,9000,18000,16,10,0,0,1.5673,0.2119,0.8929,0.8902,0.2031,0.4049,0.8562,5.1256,3.3219,6.5452,0.5049,6.57932,11.9634,kohonen,12.551
digits,9000,18000,16,10,0,0,1.5673,0.2119,0.8929,0.8902,0.2031,0.4049,0.8562,5.1256,3.3219,6.5452,0.5049,6.57932,11.9634,lvq,6.276
digits,9000,18000,16,10,0,0,1.5673,0.2119,0.8929,0.8902,0.2031,0.4049,0.8562,5.1256,3.3219,6.5452,0.5049,6.57932,11.9634,logdisc,17.482
digits,9000,18000,16,10,0,0,1.5673,0.2119,0.8929,0.8902,0.2031,0.4049,0.8562,5.1256,3.3219,6.5452,0.5049,6.57932,11.9634,newid,46.17
digits,9000,18000,16,10,0,0,1.5673,0.2119,0.8929,0.8902,0.2031,0.4049,0.8562,5.1256,3.3219,6.5452,0.5049,6.57932,11.9634,quadisc,3.138
digits,9000,18000,16,10,0,0,1.5673,0.2119,0.8929,0.8902,0.2031,0.4049,0.8562,5.1256,3.3219,6.5452,0.5049,6.57932,11.9634,rbf,16.137
digits,9000,18000,16,10,0,0,1.5673,0.2119,0.8929,0.8902,0.2031,0.4049,0.8562,5.1256,3.3219,6.5452,0.5049,6.57932,11.9634,smart,25.551
faults,570,570,45,3,43,0,1.191,0.751,0.8842,0.3002,0.8966,1,1.8972,0.9866,1.5749,0.8717,0.0366,43.0301,22.8169,ac2,0
faults,570,570,45,3,43,0,1.191,0.751,0.8842,0.3002,0.8966,1,1.8972,0.9866,1.5749,0.8717,0.0366,43.0301,22.8169,alloc80,10.391
faults,570,570,45,3,43,0,1.191,0.751,0.8842,0.3002,0.8966,1,1.8972,0.9866,1.5749,0.8717,0.0366,43.0301,22.8169,backprop,3.401
faults,570,570,45,3,43,0,1.191,0.751,0.8842,0.3002,0.8966,1,1.8972,0.9866,1.5749,0.8717,0.0366,43.0301,22.8169,bayes,6.298
faults,570,570,45,3,43,0,1.191,0.751,0.8842,0.3002,0.8966,1,1.8972,0.9866,1.5749,0.8717,0.0366,43.0301,22.8169,bayestree,6.864
faults,570,570,45,3,43,0,1.191,0.751,0.8842,0.3002,0.8966,1,1.8972,0.9866,1.5749,0.8717,0.0366,43.0301,22.8169,c4_5,8.25
faults,570,570,45,3,43,0,1.191,0.751,0.8842,0.3002,0.8966,1,1.8972,0.9866,1.5749,0.8717,0.0366,43.0301,22.8169,cart,9.068
faults,570,570,45,3,43,0,1.191,0.751,0.8842,0.3002,0.8966,1,1.8972,0.9866,1.5749,0.8717,0.0366,43.0301,22.8169,cal5,7.746
faults,570,570,45,3,43,0,1.191,0.751,0.8842,0.3002,0.8966,1,1.8972,0.9866,1.5749,0.8717,0.0366,43.0301,22.8169,cascade,52.018
faults,570,570,45,3,43,0,1.191,0.751,0.8842,0.3002,0.8966,1,1.8972,0.9866,1.5749,0.8717,0.0366,43.0301,22.8169,castle,9.068
faults,570,570,45,3,43,0,1.191,0.751,0.8842,0.3002,0.8966,1,1.8972,0.9866,1.5749,0.8717,0.0366,43.0301,22.8169,cn2,11.336
faults,570,570,45,3,43,0,1.191,0.751,0.8842,0.3002,0.8966,1,1.8972,0.9866,1.5749,0.8717,0.0366,43.0301,22.8169,default,27.457
faults,570,570,45,3,43,0,1.191,0.751,0.8842,0.3002,0.8966,1,1.8972,0.9866,1.5749,0.8717,0.0366,43.0301,22.8169,dipol92,1.071
faults,570,570,45,3,43,0,1.191,0.751,0.8842,0.3002,0.8966,1,1.8972,0.9866,1.5749,0.8717,0.0366,43.0301,22.8169,discrim,1.889
faults,570,570,45,3,43,0,1.191,0.751,0.8842,0.3002,0.8966,1,1.8972,0.9866,1.5749,0.8717,0.0366,43.0301,22.8169,itrule,9.824
faults,570,570,45,3,43,0,1.191,0.751,0.8842,0.3002,0.8966,1,1.8972,0.9866,1.5749,0.8717,0.0366,43.0301,22.8169,indcart,10.139
faults,570,570,45,3,43,0,1.191,0.751,0.8842,0.3002,0.8966,1,1.8972,0.9866,1.5749,0.8717,0.0366,43.0301,22.8169,knn,12.658
faults,570,570,45,3,43,0,1.191,0.751,0.8842,0.3002,0.8966,1,1.8972,0.9866,1.5749,0.8717,0.0366,43.0301,22.8169,kohonen,18.767
faults,570,570,45,3,43,0,1.191,0.751,0.8842,0.3002,0.8966,1,1.8972,0.9866,1.5749,0.8717,0.0366,43.0301,22.8169,lvq,17.003
faults,570,570,45,3,43,0,1.191,0.751,0.8842,0.3002,0.8966,1,1.8972,0.9866,1.5749,0.8717,0.0366,43.0301,22.8169,logdisc,2.96
faults,570,570,45,3,43,0,1.191,0.751,0.8842,0.3002,0.8966,1,1.8972,0.9866,1.5749,0.8717,0.0366,43.0301,22.8169,newid,8.187
faults,570,570,45,3,43,0,1.191,0.751,0.8842,0.3002,0.8966,1,1.8972,0.9866,1.5749,0.8717,0.0366,43.0301,22.8169,quadisc,7.494
faults,570,570,45,3,43,0,1.191,0.751,0.8842,0.3002,0.8966,1,1.8972,0.9866,1.5749,0.8717,0.0366,43.0301,22.8169,rbf,9.194
faults,570,570,45,3,43,0,1.191,0.751,0.8842,0.3002,0.8966,1,1.8972,0.9866,1.5749,0.8717,0.0366,43.0301,22.8169,smart,10.391
german_credit,1000,1000,24,2,9,1,1.0369,0.0848,0.5044,NaN,1,NaN,1.6986,7.7943,0.8813,1.5031,0.0187,47.1283,79.3797,ac2,10.489
german_credit,1000,1000,24,2,9,1,1.0369,0.0848,0.5044,NaN,1,NaN,1.6986,7.7943,0.8813,1.5031,0.0187,47.1283,79.3797,alloc80,1.498
german_credit,1000,1000,24,2,9,1,1.0369,0.0848,0.5044,NaN,1,NaN,1.6986,7.7943,0.8813,1.5031,0.0187,47.1283,79.3797,backprop,7.248
german_credit,1000,1000,24,2,9,1,1.0369,0.0848,0.5044,NaN,1,NaN,1.6986,7.7943,0.8813,1.5031,0.0187,47.1283,79.3797,bayes,5.138
german_credit,1000,1000,24,2,9,1,1.0369,0.0848,0.5044,NaN,1,NaN,1.6986,7.7943,0.8813,1.5031,0.0187,47.1283,79.3797,bayestree,7.431
german_credit,1000,1000,24,2,9,1,1.0369,0.0848,0.5044,NaN,1,NaN,1.6986,7.7943,0.8813,1.5031,0.0187,47.1283,79.3797,c4_5,13.761
german_credit,1000,1000,24,2,9,1,1.0369,0.0848,0.5044,NaN,1,NaN,1.6986,7.7943,0.8813,1.5031,0.0187,47.1283,79.3797,cart,2.385
german_credit,1000,1000,24,2,9,1,1.0369,0.0848,0.5044,NaN,1,NaN,1.6986,7.7943,0.8813,1.5031,0.0187,47.1283,79.3797,cal5,2.08
german_credit,1000,1000,24,2,9,1,1.0369,0.0848,0.5044,NaN,1,NaN,1.6986,7.7943,0.8813,1.5031,0.0187,47.1283,79.3797,cascade,3041.74
german_credit,1000,1000,24,2,9,1,1.0369,0.0848,0.5044,NaN,1,NaN,1.6986,7.7943,0.8813,1.5031,0.0187,47.1283,79.3797,castle,1.468
german_credit,1000,1000,24,2,9,1,1.0369,0.0848,0.5044,NaN,1,NaN,1.6986,7.7943,0.8813,1.5031,0.0187,47.1283,79.3797,cn2,9.817
german_credit,1000,1000,24,2,9,1,1.0369,0.0848,0.5044,NaN,1,NaN,1.6986,7.7943,0.8813,1.5031,0.0187,47.1283,79.3797,default,5.046
german_credit,1000,1000,24,2,9,1,1.0369,0.0848,0.5044,NaN,1,NaN,1.6986,7.7943,0.8813,1.5031,0.0187,47.1283,79.3797,dipol92,1.957
german_credit,1000,1000,24,2,9,1,1.0369,0.0848,0.5044,NaN,1,NaN,1.6986,7.7943,0.8813,1.5031,0.0187,47.1283,79.3797,discrim,0
german_credit,1000,1000,24,2,9,1,1.0369,0.0848,0.5044,NaN,1,NaN,1.6986,7.7943,0.8813,1.5031,0.0187,47.1283,79.3797,itrule,10.52
german_credit,1000,1000,24,2,9,1,1.0369,0.0848,0.5044,NaN,1,NaN,1.6986,7.7943,0.8813,1.5031,0.0187,47.1283,79.3797,indcart,6.911
german_credit,1000,1000,24,2,9,1,1.0369,0.0848,0.5044,NaN,1,NaN,1.6986,7.7943,0.8813,1.5031,0.0187,47.1283,79.3797,knn,4.862
german_credit,1000,1000,24,2,9,1,1.0369,0.0848,0.5044,NaN,1,NaN,1.6986,7.7943,0.8813,1.5031,0.0187,47.1283,79.3797,kohonen,19.113
german_credit,1000,1000,24,2,9,1,1.0369,0.0848,0.5044,NaN,1,NaN,1.6986,7.7943,0.8813,1.5031,0.0187,47.1283,79.3797,lvq,13.089
german_credit,1000,1000,24,2,9,1,1.0369,0.0848,0.5044,NaN,1,NaN,1.6986,7.7943,0.8813,1.5031,0.0187,47.1283,79.3797,logdisc,0.092
german_credit,1000,1000,24,2,9,1,1.0369,0.0848,0.5044,NaN,1,NaN,1.6986,7.7943,0.8813,1.5031,0.0187,47.1283,79.3797,newid,11.927
german_credit,1000,1000,24,2,9,1,1.0369,0.0848,0.5044,NaN,1,NaN,1.6986,7.7943,0.8813,1.5031,0.0187,47.1283,79.3797,quadisc,2.569
german_credit,1000,1000,24,2,9,1,1.0369,0.0848,0.5044,NaN,1,NaN,1.6986,7.7943,0.8813,1.5031,0.0187,47.1283,79.3797,rbf,13.333
german_credit,1000,1000,24,2,9,1,1.0369,0.0848,0.5044,NaN,1,NaN,1.6986,7.7943,0.8813,1.5031,0.0187,47.1283,79.3797,smart,2.018
head,900,900,6,3,1,1,1.1231,0.1217,0.7176,0.1057,0.9787,1,1.0071,5.0408,1.3574,1.9786,0.1929,7.03681,9.25713,ac2,28.78
head,900,900,6,3,1,1,1.1231,0.1217,0.7176,0.1057,0.9787,1,1.0071,5.0408,1.3574,1.9786,0.1929,7.03681,9.25713,alloc80,10.311
head,900,900,6,3,1,1,1.1231,0.1217,0.7176,0.1057,0.9787,1,1.0071,5.0408,1.3574,1.9786,0.1929,7.03681,9.25713,backprop,2.641
head,900,900,6,3,1,1,1.1231,0.1217,0.7176,0.1057,0.9787,1,1.0071,5.0408,1.3574,1.9786,0.1929,7.03681,9.25713,bayes,4.43
head,900,900,6,3,1,1,1.1231,0.1217,0.7176,0.1057,0.9787,1,1.0071,5.0408,1.3574,1.9786,0.1929,7.03681,9.25713,bayestree,3.499
head,900,900,6,3,1,1,1.1231,0.1217,0.7176,0.1057,0.9787,1,1.0071,5.0408,1.3574,1.9786,0.1929,7.03681,9.25713,c4_5,47.811
head,900,900,6,3,1,1,1.1231,0.1217,0.7176,0.1057,0.9787,1,1.0071,5.0408,1.3574,1.9786,0.1929,7.03681,9.25713,cart,1.79
head,900,900,6,3,1,1,1.1231,0.1217,0.7176,0.1057,0.9787,1,1.0071,5.0408,1.3574,1.9786,0.1929,7.03681,9.25713,cal5,11.317
head,900,900,6,3,1,1,1.1231,0.1217,0.7176,0.1057,0.9787,1,1.0071,5.0408,1.3574,1.9786,0.1929,7.03681,9.25713,cascade,1.139
head,900,900,6,3,1,1,1.1231,0.1217,0.7176,0.1057,0.9787,1,1.0071,5.0408,1.3574,1.9786,0.1929,7.03681,9.25713,castle,2.152
head,900,900,6,3,1,1,1.1231,0.1217,0.7176,0.1057,0.9787,1,1.0071,5.0408,1.3574,1.9786,0.1929,7.03681,9.25713,cn2,26.324
head,900,900,6,3,1,1,1.1231,0.1217,0.7176,0.1057,0.9787,1,1.0071,5.0408,1.3574,1.9786,0.1929,7.03681,9.25713,default,19.334
head,900,900,6,3,1,1,1.1231,0.1217,0.7176,0.1057,0.9787,1,1.0071,5.0408,1.3574,1.9786,0.1929,7.03681,9.25713,dipol92,6.331
head,900,900,6,3,1,1,1.1231,0.1217,0.7176,0.1057,0.9787,1,1.0071,5.0408,1.3574,1.9786,0.1929,7.03681,9.25713,discrim,1.428
head,900,900,6,3,1,1,1.1231,0.1217,0.7176,0.1057,0.9787,1,1.0071,5.0408,1.3574,1.9786,0.1929,7.03681,9.25713,itrule,14.534
head,900,900,6,3,1,1,1.1231,0.1217,0.7176,0.1057,0.9787,1,1.0071,5.0408,1.3574,1.9786,0.1929,7.03681,9.25713,indcart,5.592
head,900,900,6,3,1,1,1.1231,0.1217,0.7176,0.1057,0.9787,1,1.0071,5.0408,1.3574,1.9786,0.1929,7.03681,9.25713,knn,12.825
head,900,900,6,3,1,1,1.1231,0.1217,0.7176,0.1057,0.9787,1,1.0071,5.0408,1.3574,1.9786,0.1929,7.03681,9.25713,kohonen,60.68
head,900,900,6,3,1,1,1.1231,0.1217,0.7176,0.1057,0.9787,1,1.0071,5.0408,1.3574,1.9786,0.1929,7.03681,9.25713,lvq,21.169
head,900,900,6,3,1,1,1.1231,0.1217,0.7176,0.1057,0.9787,1,1.0071,5.0408,1.3574,1.9786,0.1929,7.03681,9.25713,logdisc,0
head,900,900,6,3,1,1,1.1231,0.1217,0.7176,0.1057,0.9787,1,1.0071,5.0408,1.3574,1.9786,0.1929,7.03681,9.25713,newid,26.391
head,900,900,6,3,1,1,1.1231,0.1217,0.7176,0.1057,0.9787,1,1.0071,5.0408,1.3574,1.9786,0.1929,7.03681,9.25713,quadisc,1.553
head,900,900,6,3,1,1,1.1231,0.1217,0.7176,0.1057,0.9787,1,1.0071,5.0408,1.3574,1.9786,0.1929,7.03681,9.25713,rbf,33.388
head,900,900,6,3,1,1,1.1231,0.1217,0.7176,0.1057,0.9787,1,1.0071,5.0408,1.3574,1.9786,0.1929,7.03681,9.25713,smart,2.848
heart,270,270,13,2,5,1,1.0612,0.1236,0.7384,NaN,1,NaN,0.956,3.6494,0.9902,1.6386,0.0876,11.3037,17.7055,ac2,5.378
heart,270,270,13,2,5,1,1.0612,0.1236,0.7384,NaN,1,NaN,0.956,3.6494,0.9902,1.6386,0.0876,11.3037,17.7055,alloc80,0.48
heart,270,270,13,2,5,1,1.0612,0.1236,0.7384,NaN,1,NaN,0.956,3.6494,0.9902,1.6386,0.0876,11.3037,17.7055,backprop,2.907
heart,270,270,13,2,5,1,1.0612,0.1236,0.7384,NaN,1,NaN,0.956,3.6494,0.9902,1.6386,0.0876,11.3037,17.7055,bayes,0
heart,270,270,13,2,5,1,1.0612,0.1236,0.7384,NaN,1,NaN,0.956,3.6494,0.9902,1.6386,0.0876,11.3037,17.7055,bayestree,2.209
heart,270,270,13,2,5,1,1.0612,0.1236,0.7384,NaN,1,NaN,0.956,3.6494,0.9902,1.6386,0.0876,11.3037,17.7055,c4_5,5.916
heart,270,270,13,2,5,1,1.0612,0.1236,0.7384,NaN,1,NaN,0.956,3.6494,0.9902,1.6386,0.0876,11.3037,17.7055,cart,1.134
heart,270,270,13,2,5,1,1.0612,0.1236,0.7384,NaN,1,NaN,0.956,3.6494,0.9902,1.6386,0.0876,11.3037,17.7055,cal5,1.017
heart,270,270,13,2,5,1,1.0612,0.1236,0.7384,NaN,1,NaN,0.956,3.6494,0.9902,1.6386,0.0876,11.3037,17.7055,cascade,1.352
heart,270,270,13,2,5,1,1.0612,0.1236,0.7384,NaN,1,NaN,0.956,3.6494,0.9902,1.6386,0.0876,11.3037,17.7055,castle,0.974
heart,270,270,13,2,5,1,1.0612,0.1236,0.7384,NaN,1,NaN,0.956,3.6494,0.9902,1.6386,0.0876,11.3037,17.7055,cn2,5.712
heart,270,270,13,2,5,1,1.0612,0.1236,0.7384,NaN,1,NaN,0.956,3.6494,0.9902,1.6386,0.0876,11.3037,17.7055,default,2.703
heart,270,270,13,2,5,1,1.0612,0.1236,0.7384,NaN,1,NaN,0.956,3.6494,0.9902,1.6386,0.0876,11.3037,17.7055,dipol92,1.933
heart,270,270,13,2,5,1,1.0612,0.1236,0.7384,NaN,1,NaN,0.956,3.6494,0.9902,1.6386,0.0876,11.3037,17.7055,discrim,0.276
heart,270,270,13,2,5,1,1.0612,0.1236,0.7384,NaN,1,NaN,0.956,3.6494,0.9902,1.6386,0.0876,11.3037,17.7055,itrule,2.049
heart,270,270,13,2,5,1,1.0612,0.1236,0.7384,NaN,1,NaN,0.956,3.6494,0.9902,1.6386,0.0876,11.3037,17.7055,indcart,3.721
heart,270,270,13,2,5,1,1.0612,0.1236,0.7384,NaN,1,NaN,0.956,3.6494,0.9902,1.6386,0.0876,11.3037,17.7055,knn,1.512
heart,270,270,13,2,5,1,1.0612,0.1236,0.7384,NaN,1,NaN,0.956,3.6494,0.9902,1.6386,0.0876,11.3037,17.7055,kohonen,4.637
heart,270,270,13,2,5,1,1.0612,0.1236,0.7384,NaN,1,NaN,0.956,3.6494,0.9902,1.6386,0.0876,11.3037,17.7055,lvq,3.285
heart,270,270,13,2,5,1,1.0612,0.1236,0.7384,NaN,1,NaN,0.956,3.6494,0.9902,1.6386,0.0876,11.3037,17.7055,logdisc,0.32
heart,270,270,13,2,5,1,1.0612,0.1236,0.7384,NaN,1,NaN,0.956,3.6494,0.9902,1.6386,0.0876,11.3037,17.7055,newid,6.831
heart,270,270,13,2,5,1,1.0612,0.1236,0.7384,NaN,1,NaN,0.956,3.6494,0.9902,1.6386,0.0876,11.3037,17.7055,quadisc,0.698
heart,270,270,13,2,5,1,1.0612,0.1236,0.7384,NaN,1,NaN,0.956,3.6494,0.9902,1.6386,0.0876,11.3037,17.7055,rbf,5.916
heart,270,270,13,2,5,1,1.0612,0.1236,0.7384,NaN,1,NaN,0.956,3.6494,0.9902,1.6386,0.0876,11.3037,17.7055,smart,1.512
kldigits,9000,18000,40,10,0,0,1.9657,0.1093,0.9207,0.9056,0.172,0.3385,0.1802,2.92,3.3219,5.5903,0.2029,16.3721,26.552,ac2,100.289
kldigits,9000,18000,40,10,0,0,1.9657,0.1093,0.9207,0.9056,0.172,0.3385,0.1802,2.92,3.3219,5.5903,0.2029,16.3721,26.552,alloc80,2.711
kldigits,9000,18000,40,10,0,0,1.9657,0.1093,0.9207,0.9056,0.172,0.3385,0.1802,2.92,3.3219,5.5903,0.2029,16.3721,26.552,backprop,19.651
kldigits,9000,18000,40,10,0,0,1.9657,0.1093,0.9207,0.9056,0.172,0.3385,0.1802,2.92,3.3219,5.5903,0.2029,16.3721,26.552,bayes,137.559
kldigits,9000,18000,40,10,0,0,1.9657,0.1093,0.9207,0.9056,0.172,0.3385,0.1802,2.92,3.3219,5.5903,0.2029,16.3721,26.552,bayestree,96.901
kldigits,9000,18000,40,10,0,0,1.9657,0.1093,0.9207,0.9056,0.172,0.3385,0.1802,2.92,3.3219,5.5903,0.2029,16.3721,26.552,c4_5,108.421
kldigits,9000,18000,40,10,0,0,1.9657,0.1093,0.9207,0.9056,0.172,0.3385,0.1802,2.92,3.3219,5.5903,0.2029,16.3721,26.552,cart,664.078
kldigits,9000,18000,40,10,0,0,1.9657,0.1093,0.9207,0.9056,0.172,0.3385,0.1802,2.92,3.3219,5.5903,0.2029,16.3721,26.552,cal5,169.408
kldigits,9000,18000,40,10,0,0,1.9657,0.1093,0.9207,0.9056,0.172,0.3385,0.1802,2.92,3.3219,5.5903,0.2029,16.3721,26.552,cascade,37.27
kldigits,9000,18000,40,10,0,0,1.9657,0.1093,0.9207,0.9056,0.172,0.3385,0.1802,2.92,3.3219,5.5903,0.2029,16.3721,26.552,castle,77.928
kldigits,9000,18000,40,10,0,0,1.9657,0.1093,0.9207,0.9056,0.172,0.3385,0.1802,2.92,3.3219,5.5903,0.2029,16.3721,26.552,cn2,108.421
kldigits,9000,18000,40,10,0,0,1.9657,0.1093,0.9207,0.9056,0.172,0.3385,0.1802,2.92,3.3219,5.5903,0.2029,16.3721,26.552,default,596.315
kldigits,9000,18000,40,10,0,0,1.9657,0.1093,0.9207,0.9056,0.172,0.3385,0.1802,2.92,3.3219,5.5903,0.2029,16.3721,26.552,dipol92,12.875
kldigits,9000,18000,40,10,0,0,1.9657,0.1093,0.9207,0.9056,0.172,0.3385,0.1802,2.92,3.3219,5.5903,0.2029,16.3721,26.552,discrim,37.27
kldigits,9000,18000,40,10,0,0,1.9657,0.1093,0.9207,0.9056,0.172,0.3385,0.1802,2.92,3.3219,5.5903,0.2029,16.3721,26.552,itrule,132.816
kldigits,9000,18000,40,10,0,0,1.9657,0.1093,0.9207,0.9056,0.172,0.3385,0.1802,2.92,3.3219,5.5903,0.2029,16.3721,26.552,indcart,101.645
kldigits,9000,18000,40,10,0,0,1.9657,0.1093,0.9207,0.9056,0.172,0.3385,0.1802,2.92,3.3219,5.5903,0.2029,16.3721,26.552,knn,0
kldigits,9000,18000,40,10,0,0,1.9657,0.1093,0.9207,0.9056,0.172,0.3385,0.1802,2.92,3.3219,5.5903,0.2029,16.3721,26.552,kohonen,664.078
kldigits,9000,18000,40,10,0,0,1.9657,0.1093,0.9207,0.9056,0.172,0.3385,0.1802,2.92,3.3219,5.5903,0.2029,16.3721,26.552,lvq,4.066
kldigits,9000,18000,40,10,0,0,1.9657,0.1093,0.9207,0.9056,0.172,0.3385,0.1802,2.92,3.3219,5.5903,0.2029,16.3721,26.552,logdisc,21.007
kldigits,9000,18000,40,10,0,0,1.9657,0.1093,0.9207,0.9056,0.172,0.3385,0.1802,2.92,3.3219,5.5903,0.2029,16.3721,26.552,newid,96.224
kldigits,9000,18000,40,10,0,0,1.9657,0.1093,0.9207,0.9056,0.172,0.3385,0.1802,2.92,3.3219,5.5903,0.2029,16.3721,26.552,quadisc,3.388
kldigits,9000,18000,40,10,0,0,1.9657,0.1093,0.9207,0.9056,0.172,0.3385,0.1802,2.92,3.3219,5.5903,0.2029,16.3721,26.552,rbf,23.717
kldigits,9000,18000,40,10,0,0,1.9657,0.1093,0.9207,0.9056,0.172,0.3385,0.1802,2.92,3.3219,5.5903,0.2029,16.3721,26.552,smart,25.072
letters,5000,20000,16,26,0,0,1.8795,0.2577,0.8896,0.8489,0.168,0.321,0.5698,3.5385,4.6996,3.094,0.5189,9.05685,4.96261,ac2,52.292
letters,5000,20000,16,26,0,0,1.8795,0.2577,0.8896,0.8489,0.168,0.321,0.5698,3.5385,4.6996,3.094,0.5189,9.05685,4.96261,alloc80,0
letters,5000,20000,16,26,0,0,1.8795,0.2577,0.8896,0.8489,0.168,0.321,0.5698,3.5385,4.6996,3.094,0.5189,9.05685,4.96261,backprop,75.982
letters,5000,20000,16,26,0,0,1.8795,0.2577,0.8896,0.8489,0.168,0.321,0.5698,3.5385,4.6996,3.094,0.5189,9.05685,4.96261,bayes,134.341
letters,5000,20000,16,26,0,0,1.8795,0.2577,0.8896,0.8489,0.168,0.321,0.5698,3.5385,4.6996,3.094,0.5189,9.05685,4.96261,bayestree,17.334
letters,5000,20000,16,26,0,0,1.8795,0.2577,0.8896,0.8489,0.168,0.321,0.5698,3.5385,4.6996,3.094,0.5189,9.05685,4.96261,c4_5,19.646
letters,5000,20000,16,26,0,0,1.8795,0.2577,0.8896,0.8489,0.168,0.321,0.5698,3.5385,4.6996,3.094,0.5189,9.05685,4.96261,cart,270.416
letters,5000,20000,16,26,0,0,1.8795,0.2577,0.8896,0.8489,0.168,0.321,0.5698,3.5385,4.6996,3.094,0.5189,9.05685,4.96261,cal5,54.603
letters,5000,20000,16,26,0,0,1.8795,0.2577,0.8896,0.8489,0.168,0.321,0.5698,3.5385,4.6996,3.094,0.5189,9.05685,4.96261,cascade,270.416
letters,5000,20000,16,26,0,0,1.8795,0.2577,0.8896,0.8489,0.168,0.321,0.5698,3.5385,4.6996,3.094,0.5189,9.05685,4.96261,castle,52.292
letters,5000,20000,16,26,0,0,1.8795,0.2577,0.8896,0.8489,0.168,0.321,0.5698,3.5385,4.6996,3.094,0.5189,9.05685,4.96261,cn2,14.734
letters,5000,20000,16,26,0,0,1.8795,0.2577,0.8896,0.8489,0.168,0.321,0.5698,3.5385,4.6996,3.094,0.5189,9.05685,4.96261,default,258.86
letters,5000,20000,16,26,0,0,1.8795,0.2577,0.8896,0.8489,0.168,0.321,0.5698,3.5385,4.6996,3.094,0.5189,9.05685,4.96261,dipol92,32.358
letters,5000,20000,16,26,0,0,1.8795,0.2577,0.8896,0.8489,0.168,0.321,0.5698,3.5385,4.6996,3.094,0.5189,9.05685,4.96261,discrim,68.76
letters,5000,20000,16,26,0,0,1.8795,0.2577,0.8896,0.8489,0.168,0.321,0.5698,3.5385,4.6996,3.094,0.5189,9.05685,4.96261,itrule,153.12
letters,5000,20000,16,26,0,0,1.8795,0.2577,0.8896,0.8489,0.168,0.321,0.5698,3.5385,4.6996,3.094,0.5189,9.05685,4.96261,indcart,19.068
letters,5000,20000,16,26,0,0,1.8795,0.2577,0.8896,0.8489,0.168,0.321,0.5698,3.5385,4.6996,3.094,0.5189,9.05685,4.96261,knn,1.733
letters,5000,20000,16,26,0,0,1.8795,0.2577,0.8896,0.8489,0.168,0.321,0.5698,3.5385,4.6996,3.094,0.5189,9.05685,4.96261,kohonen,54.314
letters,5000,20000,16,26,0,0,1.8795,0.2577,0.8896,0.8489,0.168,0.321,0.5698,3.5385,4.6996,3.094,0.5189,9.05685,4.96261,lvq,4.334
letters,5000,20000,16,26,0,0,1.8795,0.2577,0.8896,0.8489,0.168,0.321,0.5698,3.5385,4.6996,3.094,0.5189,9.05685,4.96261,logdisc,49.114
letters,5000,20000,16,26,0,0,1.8795,0.2577,0.8896,0.8489,0.168,0.321,0.5698,3.5385,4.6996,3.094,0.5189,9.05685,4.96261,newid,18.49
letters,5000,20000,16,26,0,0,1.8795,0.2577,0.8896,0.8489,0.168,0.321,0.5698,3.5385,4.6996,3.094,0.5189,9.05685,4.96261,quadisc,14.156
letters,5000,20000,16,26,0,0,1.8795,0.2577,0.8896,0.8489,0.168,0.321,0.5698,3.5385,4.6996,3.094,0.5189,9.05685,4.96261,rbf,48.825
letters,5000,20000,16,26,0,0,1.8795,0.2577,0.8896,0.8489,0.168,0.321,0.5698,3.5385,4.6996,3.094,0.5189,9.05685,4.96261,smart,66.737
newbelgian,1000,3000,57,2,0,0,1.0638,0.1216,0.5286,NaN,1,NaN,1.118,6.7738,0.3879,3.83,0.0421,9.21378,89.9739,ac2,1.675
newbelgian,1000,3000,57,2,0,0,1.0638,0.1216,0.5286,NaN,1,NaN,1.118,6.7738,0.3879,3.83,0.0421,9.21378,89.9739,alloc80,8.933
newbelgian,1000,3000,57,2,0,0,1.0638,0.1216,0.5286,NaN,1,NaN,1.118,6.7738,0.3879,3.83,0.0421,9.21378,89.9739,backprop,2.513
newbelgian,1000,3000,57,2,0,0,1.0638,0.1216,0.5286,NaN,1,NaN,1.118,6.7738,0.3879,3.83,0.0421,9.21378,89.9739,bayes,21.217
newbelgian,1000,3000,57,2,0,0,1.0638,0.1216,0.5286,NaN,1,NaN,1.118,6.7738,0.3879,3.83,0.0421,9.21378,89.9739,bayestree,0.279
newbelgian,1000,3000,57,2,0,0,1.0638,0.1216,0.5286,NaN,1,NaN,1.118,6.7738,0.3879,3.83,0.0421,9.21378,89.9739,c4_5,1.396
newbelgian,1000,3000,57,2,0,0,1.0638,0.1216,0.5286,NaN,1,NaN,1.118,6.7738,0.3879,3.83,0.0421,9.21378,89.9739,cart,2.513
newbelgian,1000,3000,57,2,0,0,1.0638,0.1216,0.5286,NaN,1,NaN,1.118,6.7738,0.3879,3.83,0.0421,9.21378,89.9739,cal5,3.629
newbelgian,1000,3000,57,2,0,0,1.0638,0.1216,0.5286,NaN,1,NaN,1.118,6.7738,0.3879,3.83,0.0421,9.21378,89.9739,cascade,275.541
newbelgian,1000,3000,57,2,0,0,1.0638,0.1216,0.5286,NaN,1,NaN,1.118,6.7738,0.3879,3.83,0.0421,9.21378,89.9739,castle,14.238
newbelgian,1000,3000,57,2,0,0,1.0638,0.1216,0.5286,NaN,1,NaN,1.118,6.7738,0.3879,3.83,0.0421,9.21378,89.9739,cn2,3.35
newbelgian,1000,3000,57,2,0,0,1.0638,0.1216,0.5286,NaN,1,NaN,1.118,6.7738,0.3879,3.83,0.0421,9.21378,89.9739,default,17.029
newbelgian,1000,3000,57,2,0,0,1.0638,0.1216,0.5286,NaN,1,NaN,1.118,6.7738,0.3879,3.83,0.0421,9.21378,89.9739,dipol92,3.629
newbelgian,1000,3000,57,2,0,0,1.0638,0.1216,0.5286,NaN,1,NaN,1.118,6.7738,0.3879,3.83,0.0421,9.21378,89.9739,discrim,7.817
newbelgian,1000,3000,57,2,0,0,1.0638,0.1216,0.5286,NaN,1,NaN,1.118,6.7738,0.3879,3.83,0.0421,9.21378,89.9739,itrule,18.984
newbelgian,1000,3000,57,2,0,0,1.0638,0.1216,0.5286,NaN,1,NaN,1.118,6.7738,0.3879,3.83,0.0421,9.21378,89.9739,indcart,0.279
newbelgian,1000,3000,57,2,0,0,1.0638,0.1216,0.5286,NaN,1,NaN,1.118,6.7738,0.3879,3.83,0.0421,9.21378,89.9739,knn,10.888
newbelgian,1000,3000,57,2,0,0,1.0638,0.1216,0.5286,NaN,1,NaN,1.118,6.7738,0.3879,3.83,0.0421,9.21378,89.9739,kohonen,19.821
newbelgian,1000,3000,57,2,0,0,1.0638,0.1216,0.5286,NaN,1,NaN,1.118,6.7738,0.3879,3.83,0.0421,9.21378,89.9739,lvq,14.517
newbelgian,1000,3000,57,2,0,0,1.0638,0.1216,0.5286,NaN,1,NaN,1.118,6.7738,0.3879,3.83,0.0421,9.21378,89.9739,logdisc,4.188
newbelgian,1000,3000,57,2,0,0,1.0638,0.1216,0.5286,NaN,1,NaN,1.118,6.7738,0.3879,3.83,0.0421,9.21378,89.9739,newid,1.117
newbelgian,1000,3000,57,2,0,0,1.0638,0.1216,0.5286,NaN,1,NaN,1.118,6.7738,0.3879,3.83,0.0421,9.21378,89.9739,quadisc,6.142
newbelgian,1000,3000,57,2,0,0,1.0638,0.1216,0.5286,NaN,1,NaN,1.118,6.7738,0.3879,3.83,0.0421,9.21378,89.9739,rbf,6.142
newbelgian,1000,3000,57,2,0,0,1.0638,0.1216,0.5286,NaN,1,NaN,1.118,6.7738,0.3879,3.83,0.0421,9.21378,89.9739,smart,0
satimage,2000,6435,36,6,0,0,1.297,0.5977,0.9366,0.9332,0.3586,0.7146,0.7316,4.1737,2.4734,5.5759,0.9443,2.61929,4.9048,ac2,9.654
satimage,2000,6435,36,6,0,0,1.297,0.5977,0.9366,0.9332,0.3586,0.7146,0.7316,4.1737,2.4734,5.5759,0.9443,2.61929,4.9048,alloc80,5.823
satimage,2000,6435,36,6,0,0,1.297,0.5977,0.9366,0.9332,0.3586,0.7146,0.7316,4.1737,2.4734,5.5759,0.9443,2.61929,4.9048,backprop,6.896
satimage,2000,6435,36,6,0,0,1.297,0.5977,0.9366,0.9332,0.3586,0.7146,0.7316,4.1737,2.4734,5.5759,0.9443,2.61929,4.9048,bayes,29.576
satimage,2000,6435,36,6,0,0,1.297,0.5977,0.9366,0.9332,0.3586,0.7146,0.7316,4.1737,2.4734,5.5759,0.9443,2.61929,4.9048,bayestree,8.122
satimage,2000,6435,36,6,0,0,1.297,0.5977,0.9366,0.9332,0.3586,0.7146,0.7316,4.1737,2.4734,5.5759,0.9443,2.61929,4.9048,c4_5,8.582
satimage,2000,6435,36,6,0,0,1.297,0.5977,0.9366,0.9332,0.3586,0.7146,0.7316,4.1737,2.4734,5.5759,0.9443,2.61929,4.9048,cart,6.743
satimage,2000,6435,36,6,0,0,1.297,0.5977,0.9366,0.9332,0.3586,0.7146,0.7316,4.1737,2.4734,5.5759,0.9443,2.61929,4.9048,cal5,8.735
satimage,2000,6435,36,6,0,0,1.297,0.5977,0.9366,0.9332,0.3586,0.7146,0.7316,4.1737,2.4734,5.5759,0.9443,2.61929,4.9048,cascade,10.574
satimage,2000,6435,36,6,0,0,1.297,0.5977,0.9366,0.9332,0.3586,0.7146,0.7316,4.1737,2.4734,5.5759,0.9443,2.61929,4.9048,castle,15.325
satimage,2000,6435,36,6,0,0,1.297,0.5977,0.9366,0.9332,0.3586,0.7146,0.7316,4.1737,2.4734,5.5759,0.9443,2.61929,4.9048,cn2,8.582
satimage,2000,6435,36,6,0,0,1.297,0.5977,0.9366,0.9332,0.3586,0.7146,0.7316,4.1737,2.4734,5.5759,0.9443,2.61929,4.9048,default,102.061
satimage,2000,6435,36,6,0,0,1.297,0.5977,0.9366,0.9332,0.3586,0.7146,0.7316,4.1737,2.4734,5.5759,0.9443,2.61929,4.9048,dipol92,2.605
satimage,2000,6435,36,6,0,0,1.297,0.5977,0.9366,0.9332,0.3586,0.7146,0.7316,4.1737,2.4734,5.5759,0.9443,2.61929,4.9048,discrim,11.8
satimage,2000,6435,36,6,0,0,1.297,0.5977,0.9366,0.9332,0.3586,0.7146,0.7316,4.1737,2.4734,5.5759,0.9443,2.61929,4.9048,itrule,138.84
satimage,2000,6435,36,6,0,0,1.297,0.5977,0.9366,0.9332,0.3586,0.7146,0.7316,4.1737,2.4734,5.5759,0.9443,2.61929,4.9048,indcart,6.743
satimage,2000,6435,36,6,0,0,1.297,0.5977,0.9366,0.9332,0.3586,0.7146,0.7316,4.1737,2.4734,5.5759,0.9443,2.61929,4.9048,knn,0
satimage,2000,6435,36,6,0,0,1.297,0.5977,0.9366,0.9332,0.3586,0.7146,0.7316,4.1737,2.4734,5.5759,0.9443,2.61929,4.9048,kohonen,13.026
satimage,2000,6435,36,6,0,0,1.297,0.5977,0.9366,0.9332,0.3586,0.7146,0.7316,4.1737,2.4734,5.5759,0.9443,2.61929,4.9048,lvq,1.686
satimage,2000,6435,36,6,0,0,1.297,0.5977,0.9366,0.9332,0.3586,0.7146,0.7316,4.1737,2.4734,5.5759,0.9443,2.61929,4.9048,logdisc,10.574
satimage,2000,6435,36,6,0,0,1.297,0.5977,0.9366,0.9332,0.3586,0.7146,0.7316,4.1737,2.4734,5.5759,0.9443,2.61929,4.9048,newid,8.582
satimage,2000,6435,36,6,0,0,1.297,0.5977,0.9366,0.9332,0.3586,0.7146,0.7316,4.1737,2.4734,5.5759,0.9443,2.61929,4.9048,quadisc,9.348
satimage,2000,6435,36,6,0,0,1.297,0.5977,0.9366,0.9332,0.3586,0.7146,0.7316,4.1737,2.4734,5.5759,0.9443,2.61929,4.9048,rbf,4.138
satimage,2000,6435,36,6,0,0,1.297,0.5977,0.9366,0.9332,0.3586,0.7146,0.7316,4.1737,2.4734,5.5759,0.9443,2.61929,4.9048,smart,9.961
segment,2310,2310,11,7,0,0,4.0014,0.1425,0.976,0.9623,0.3098,0.611,2.958,24.4813,2.8072,3.0787,0.6672,4.20743,3.61436,ac2,0.282
segment,2310,2310,11,7,0,0,4.0014,0.1425,0.976,0.9623,0.3098,0.611,2.958,24.4813,2.8072,3.0787,0.6672,4.20743,3.61436,alloc80,0
segment,2310,2310,11,7,0,0,4.0014,0.1425,0.976,0.9623,0.3098,0.611,2.958,24.4813,2.8072,3.0787,0.6672,4.20743,3.61436,backprop,6.762
segment,2310,2310,11,7,0,0,4.0014,0.1425,0.976,0.9623,0.3098,0.611,2.958,24.4813,2.8072,3.0787,0.6672,4.20743,3.61436,bayes,66.211
segment,2310,2310,11,7,0,0,4.0014,0.1425,0.976,0.9623,0.3098,0.611,2.958,24.4813,2.8072,3.0787,0.6672,4.20743,3.61436,bayestree,0.845
segment,2310,2310,11,7,0,0,4.0014,0.1425,0.976,0.9623,0.3098,0.611,2.958,24.4813,2.8072,3.0787,0.6672,4.20743,3.61436,c4_5,2.817
segment,2310,2310,11,7,0,0,4.0014,0.1425,0.976,0.9623,0.3098,0.611,2.958,24.4813,2.8072,3.0787,0.6672,4.20743,3.61436,cart,2.817
segment,2310,2310,11,7,0,0,4.0014,0.1425,0.976,0.9623,0.3098,0.611,2.958,24.4813,2.8072,3.0787,0.6672,4.20743,3.61436,cal5,9.016
segment,2310,2310,11,7,0,0,4.0014,0.1425,0.976,0.9623,0.3098,0.611,2.958,24.4813,2.8072,3.0787,0.6672,4.20743,3.61436,cascade,273.295
segment,2310,2310,11,7,0,0,4.0014,0.1425,0.976,0.9623,0.3098,0.611,2.958,24.4813,2.8072,3.0787,0.6672,4.20743,3.61436,castle,23.103
segment,2310,2310,11,7,0,0,4.0014,0.1425,0.976,0.9623,0.3098,0.611,2.958,24.4813,2.8072,3.0787,0.6672,4.20743,3.61436,cn2,3.663
segment,2310,2310,11,7,0,0,4.0014,0.1425,0.976,0.9623,0.3098,0.611,2.958,24.4813,2.8072,3.0787,0.6672,4.20743,3.61436,default,245.12
segment,2310,2310,11,7,0,0,4.0014,0.1425,0.976,0.9623,0.3098,0.611,2.958,24.4813,2.8072,3.0787,0.6672,4.20743,3.61436,dipol92,0.282
segment,2310,2310,11,7,0,0,4.0014,0.1425,0.976,0.9623,0.3098,0.611,2.958,24.4813,2.8072,3.0787,0.6672,4.20743,3.61436,discrim,24.23
segment,2310,2310,11,7,0,0,4.0014,0.1425,0.976,0.9623,0.3098,0.611,2.958,24.4813,2.8072,3.0787,0.6672,4.20743,3.61436,itrule,119.743
segment,2310,2310,11,7,0,0,4.0014,0.1425,0.976,0.9623,0.3098,0.611,2.958,24.4813,2.8072,3.0787,0.6672,4.20743,3.61436,indcart,4.226
segment,2310,2310,11,7,0,0,4.0014,0.1425,0.976,0.9623,0.3098,0.611,2.958,24.4813,2.8072,3.0787,0.6672,4.20743,3.61436,knn,13.242
segment,2310,2310,11,7,0,0,4.0014,0.1425,0.976,0.9623,0.3098,0.611,2.958,24.4813,2.8072,3.0787,0.6672,4.20743,3.61436,kohonen,10.425
segment,2310,2310,11,7,0,0,4.0014,0.1425,0.976,0.9623,0.3098,0.611,2.958,24.4813,2.8072,3.0787,0.6672,4.20743,3.61436,lvq,4.508
segment,2310,2310,11,7,0,0,4.0014,0.1425,0.976,0.9623,0.3098,0.611,2.958,24.4813,2.8072,3.0787,0.6672,4.20743,3.61436,logdisc,22.258
segment,2310,2310,11,7,0,0,4.0014,0.1425,0.976,0.9623,0.3098,0.611,2.958,24.4813,2.8072,3.0787,0.6672,4.20743,3.61436,newid,1.127
segment,2310,2310,11,7,0,0,4.0014,0.1425,0.976,0.9623,0.3098,0.611,2.958,24.4813,2.8072,3.0787,0.6672,4.20743,3.61436,quadisc,35.782
segment,2310,2310,11,7,0,0,4.0014,0.1425,0.976,0.9623,0.3098,0.611,2.958,24.4813,2.8072,3.0787,0.6672,4.20743,3.61436,rbf,10.988
segment,2310,2310,11,7,0,0,4.0014,0.1425,0.976,0.9623,0.3098,0.611,2.958,24.4813,2.8072,3.0787,0.6672,4.20743,3.61436,smart,6.198
shuttle,14500,58000,9,7,0,0,1.6067,0.3558,0.9668,0.6968,0.6252,0.9499,4.4371,160.311,0.9653,3.4271,0.3348,2.88321,9.23626,ac2,37.331
shuttle,14500,58000,9,7,0,0,1.6067,0.3558,0.9668,0.6968,0.6252,0.9499,4.4371,160.311,0.9653,3.4271,0.3348,2.88321,9.23626,alloc80,98.746
shuttle,14500,58000,9,7,0,0,1.6067,0.3558,0.9668,0.6968,0.6252,0.9499,4.4371,160.311,0.9653,3.4271,0.3348,2.88321,9.23626,backprop,50.577
shuttle,14500,58000,9,7,0,0,1.6067,0.3558,0.9668,0.6968,0.6252,0.9499,4.4371,160.311,0.9653,3.4271,0.3348,2.88321,9.23626,bayes,540.695
shuttle,14500,58000,9,7,0,0,1.6067,0.3558,0.9668,0.6968,0.6252,0.9499,4.4371,160.311,0.9653,3.4271,0.3348,2.88321,9.23626,bayestree,1.204
shuttle,14500,58000,9,7,0,0,1.6067,0.3558,0.9668,0.6968,0.6252,0.9499,4.4371,160.311,0.9653,3.4271,0.3348,2.88321,9.23626,c4_5,10.838
shuttle,14500,58000,9,7,0,0,1.6067,0.3558,0.9668,0.6968,0.6252,0.9499,4.4371,160.311,0.9653,3.4271,0.3348,2.88321,9.23626,cart,8.43
shuttle,14500,58000,9,7,0,0,1.6067,0.3558,0.9668,0.6968,0.6252,0.9499,4.4371,160.311,0.9653,3.4271,0.3348,2.88321,9.23626,cal5,2.408
shuttle,14500,58000,9,7,0,0,1.6067,0.3558,0.9668,0.6968,0.6252,0.9499,4.4371,160.311,0.9653,3.4271,0.3348,2.88321,9.23626,cascade,12041
shuttle,14500,58000,9,7,0,0,1.6067,0.3558,0.9668,0.6968,0.6252,0.9499,4.4371,160.311,0.9653,3.4271,0.3348,2.88321,9.23626,castle,456.399
shuttle,14500,58000,9,7,0,0,1.6067,0.3558,0.9668,0.6968,0.6252,0.9499,4.4371,160.311,0.9653,3.4271,0.3348,2.88321,9.23626,cn2,2.408
shuttle,14500,58000,9,7,0,0,1.6067,0.3558,0.9668,0.6968,0.6252,0.9499,4.4371,160.311,0.9653,3.4271,0.3348,2.88321,9.23626,default,2575.83
shuttle,14500,58000,9,7,0,0,1.6067,0.3558,0.9668,0.6968,0.6252,0.9499,4.4371,160.311,0.9653,3.4271,0.3348,2.88321,9.23626,dipol92,56.598
shuttle,14500,58000,9,7,0,0,1.6067,0.3558,0.9668,0.6968,0.6252,0.9499,4.4371,160.311,0.9653,3.4271,0.3348,2.88321,9.23626,discrim,580.434
shuttle,14500,58000,9,7,0,0,1.6067,0.3558,0.9668,0.6968,0.6252,0.9499,4.4371,160.311,0.9653,3.4271,0.3348,2.88321,9.23626,itrule,48.169
shuttle,14500,58000,9,7,0,0,1.6067,0.3558,0.9668,0.6968,0.6252,0.9499,4.4371,160.311,0.9653,3.4271,0.3348,2.88321,9.23626,indcart,9.634
shuttle,14500,58000,9,7,0,0,1.6067,0.3558,0.9668,0.6968,0.6252,0.9499,4.4371,160.311,0.9653,3.4271,0.3348,2.88321,9.23626,knn,51.781
shuttle,14500,58000,9,7,0,0,1.6067,0.3558,0.9668,0.6968,0.6252,0.9499,4.4371,160.311,0.9653,3.4271,0.3348,2.88321,9.23626,kohonen,12041
shuttle,14500,58000,9,7,0,0,1.6067,0.3558,0.9668,0.6968,0.6252,0.9499,4.4371,160.311,0.9653,3.4271,0.3348,2.88321,9.23626,lvq,51.781
shuttle,14500,58000,9,7,0,0,1.6067,0.3558,0.9668,0.6968,0.6252,0.9499,4.4371,160.311,0.9653,3.4271,0.3348,2.88321,9.23626,logdisc,460.012
shuttle,14500,58000,9,7,0,0,1.6067,0.3558,0.9668,0.6968,0.6252,0.9499,4.4371,160.311,0.9653,3.4271,0.3348,2.88321,9.23626,newid,0
shuttle,14500,58000,9,7,0,0,1.6067,0.3558,0.9668,0.6968,0.6252,0.9499,4.4371,160.311,0.9653,3.4271,0.3348,2.88321,9.23626,quadisc,808.031
shuttle,14500,58000,9,7,0,0,1.6067,0.3558,0.9668,0.6968,0.6252,0.9499,4.4371,160.311,0.9653,3.4271,0.3348,2.88321,9.23626,rbf,167.387
shuttle,14500,58000,9,7,0,0,1.6067,0.3558,0.9668,0.6968,0.6252,0.9499,4.4371,160.311,0.9653,3.4271,0.3348,2.88321,9.23626,smart,69.845
technical,2580,7078,56,91,0,0,2.2442,NaN,0.9165,0.6818,0.5575,0.866,6.7156,108.296,4.8787,0.3672,0.1815,26.8799,1.02314,ac2,2.13
technical,2580,7078,56,91,0,0,2.2442,NaN,0.9165,0.6818,0.5575,0.866,6.7156,108.296,4.8787,0.3672,0.1815,26.8799,1.02314,alloc80,161.514
technical,2580,7078,56,91,0,0,2.2442,NaN,0.9165,0.6818,0.5575,0.866,6.7156,108.296,4.8787,0.3672,0.1815,26.8799,1.02314,backprop,161.514
technical,2580,7078,56,91,0,0,2.2442,NaN,0.9165,0.6818,0.5575,0.866,6.7156,108.296,4.8787,0.3672,0.1815,26.8799,1.02314,bayes,46.857
technical,2580,7078,56,91,0,0,2.2442,NaN,0.9165,0.6818,0.5575,0.866,6.7156,108.296,4.8787,0.3672,0.1815,26.8799,1.02314,bayestree,14.909
technical,2580,7078,56,91,0,0,2.2442,NaN,0.9165,0.6818,0.5575,0.866,6.7156,108.296,4.8787,0.3672,0.1815,26.8799,1.02314,c4_5,5.325
technical,2580,7078,56,91,0,0,2.2442,NaN,0.9165,0.6818,0.5575,0.866,6.7156,108.296,4.8787,0.3672,0.1815,26.8799,1.02314,cart,161.514
technical,2580,7078,56,91,0,0,2.2442,NaN,0.9165,0.6818,0.5575,0.866,6.7156,108.296,4.8787,0.3672,0.1815,26.8799,1.02314,cal5,16.506
technical,2580,7078,56,91,0,0,2.2442,NaN,0.9165,0.6818,0.5575,0.866,6.7156,108.296,4.8787,0.3672,0.1815,26.8799,1.02314,cascade,161.514
technical,2580,7078,56,91,0,0,2.2442,NaN,0.9165,0.6818,0.5575,0.866,6.7156,108.296,4.8787,0.3672,0.1815,26.8799,1.02314,castle,161.514
technical,2580,7078,56,91,0,0,2.2442,NaN,0.9165,0.6818,0.5575,0.866,6.7156,108.296,4.8787,0.3672,0.1815,26.8799,1.02314,cn2,5.857
technical,2580,7078,56,91,0,0,2.2442,NaN,0.9165,0.6818,0.5575,0.866,6.7156,108.296,4.8787,0.3672,0.1815,26.8799,1.02314,default,120.692
technical,2580,7078,56,91,0,0,2.2442,NaN,0.9165,0.6818,0.5575,0.866,6.7156,108.296,4.8787,0.3672,0.1815,26.8799,1.02314,dipol92,18.104
technical,2580,7078,56,91,0,0,2.2442,NaN,0.9165,0.6818,0.5575,0.866,6.7156,108.296,4.8787,0.3672,0.1815,26.8799,1.02314,discrim,53.424
technical,2580,7078,56,91,0,0,2.2442,NaN,0.9165,0.6818,0.5575,0.866,6.7156,108.296,4.8787,0.3672,0.1815,26.8799,1.02314,itrule,161.514
technical,2580,7078,56,91,0,0,2.2442,NaN,0.9165,0.6818,0.5575,0.866,6.7156,108.296,4.8787,0.3672,0.1815,26.8799,1.02314,indcart,0.887
technical,2580,7078,56,91,0,0,2.2442,NaN,0.9165,0.6818,0.5575,0.866,6.7156,108.296,4.8787,0.3672,0.1815,26.8799,1.02314,knn,20.234
technical,2580,7078,56,91,0,0,2.2442,NaN,0.9165,0.6818,0.5575,0.866,6.7156,108.296,4.8787,0.3672,0.1815,26.8799,1.02314,kohonen,47.389
technical,2580,7078,56,91,0,0,2.2442,NaN,0.9165,0.6818,0.5575,0.866,6.7156,108.296,4.8787,0.3672,0.1815,26.8799,1.02314,lvq,30.35
technical,2580,7078,56,91,0,0,2.2442,NaN,0.9165,0.6818,0.5575,0.866,6.7156,108.296,4.8787,0.3672,0.1815,26.8799,1.02314,logdisc,55.199
technical,2580,7078,56,91,0,0,2.2442,NaN,0.9165,0.6818,0.5575,0.866,6.7156,108.296,4.8787,0.3672,0.1815,26.8799,1.02314,newid,0
technical,2580,7078,56,91,0,0,2.2442,NaN,0.9165,0.6818,0.5575,0.866,6.7156,108.296,4.8787,0.3672,0.1815,26.8799,1.02314,quadisc,71.882
technical,2580,7078,56,91,0,0,2.2442,NaN,0.9165,0.6818,0.5575,0.866,6.7156,108.296,4.8787,0.3672,0.1815,26.8799,1.02314,rbf,41.532
technical,2580,7078,56,91,0,0,2.2442,NaN,0.9165,0.6818,0.5575,0.866,6.7156,108.296,4.8787,0.3672,0.1815,26.8799,1.02314,smart,48.987
tsetse,1499,4999,14,2,0,0,1.1316,0.3676,0.7792,NaN,1,NaN,0.6483,4.3322,0.9998,3.8755,0.285,3.50807,12.5982,ac2,2.286
tsetse,1499,4999,14,2,0,0,1.1316,0.3676,0.7792,NaN,1,NaN,0.6483,4.3322,0.9998,3.8755,0.285,3.50807,12.5982,alloc80,4.364
tsetse,1499,4999,14,2,0,0,1.1316,0.3676,0.7792,NaN,1,NaN,0.6483,4.3322,0.9998,3.8755,0.285,3.50807,12.5982,backprop,6.027
tsetse,1499,4999,14,2,0,0,1.1316,0.3676,0.7792,NaN,1,NaN,0.6483,4.3322,0.9998,3.8755,0.285,3.50807,12.5982,bayes,17.458
tsetse,1499,4999,14,2,0,0,1.1316,0.3676,0.7792,NaN,1,NaN,0.6483,4.3322,0.9998,3.8755,0.285,3.50807,12.5982,bayestree,0.208
tsetse,1499,4999,14,2,0,0,1.1316,0.3676,0.7792,NaN,1,NaN,0.6483,4.3322,0.9998,3.8755,0.285,3.50807,12.5982,c4_5,2.702
tsetse,1499,4999,14,2,0,0,1.1316,0.3676,0.7792,NaN,1,NaN,0.6483,4.3322,0.9998,3.8755,0.285,3.50807,12.5982,cart,1.039
tsetse,1499,4999,14,2,0,0,1.1316,0.3676,0.7792,NaN,1,NaN,0.6483,4.3322,0.9998,3.8755,0.285,3.50807,12.5982,cal5,3.949
tsetse,1499,4999,14,2,0,0,1.1316,0.3676,0.7792,NaN,1,NaN,0.6483,4.3322,0.9998,3.8755,0.285,3.50807,12.5982,cascade,200.349
tsetse,1499,4999,14,2,0,0,1.1316,0.3676,0.7792,NaN,1,NaN,0.6483,4.3322,0.9998,3.8755,0.285,3.50807,12.5982,castle,20.991
tsetse,1499,4999,14,2,0,0,1.1316,0.3676,0.7792,NaN,1,NaN,0.6483,4.3322,0.9998,3.8755,0.285,3.50807,12.5982,cn2,0
tsetse,1499,4999,14,2,0,0,1.1316,0.3676,0.7792,NaN,1,NaN,0.6483,4.3322,0.9998,3.8755,0.285,3.50807,12.5982,default,94.355
tsetse,1499,4999,14,2,0,0,1.1316,0.3676,0.7792,NaN,1,NaN,0.6483,4.3322,0.9998,3.8755,0.285,3.50807,12.5982,dipol92,3.533
tsetse,1499,4999,14,2,0,0,1.1316,0.3676,0.7792,NaN,1,NaN,0.6483,4.3322,0.9998,3.8755,0.285,3.50807,12.5982,discrim,17.873
tsetse,1499,4999,14,2,0,0,1.1316,0.3676,0.7792,NaN,1,NaN,0.6483,4.3322,0.9998,3.8755,0.285,3.50807,12.5982,itrule,39.904
tsetse,1499,4999,14,2,0,0,1.1316,0.3676,0.7792,NaN,1,NaN,0.6483,4.3322,0.9998,3.8755,0.285,3.50807,12.5982,indcart,0.623
tsetse,1499,4999,14,2,0,0,1.1316,0.3676,0.7792,NaN,1,NaN,0.6483,4.3322,0.9998,3.8755,0.285,3.50807,12.5982,knn,4.364
tsetse,1499,4999,14,2,0,0,1.1316,0.3676,0.7792,NaN,1,NaN,0.6483,4.3322,0.9998,3.8755,0.285,3.50807,12.5982,kohonen,8.105
tsetse,1499,4999,14,2,0,0,1.1316,0.3676,0.7792,NaN,1,NaN,0.6483,4.3322,0.9998,3.8755,0.285,3.50807,12.5982,lvq,6.027
tsetse,1499,4999,14,2,0,0,1.1316,0.3676,0.7792,NaN,1,NaN,0.6483,4.3322,0.9998,3.8755,0.285,3.50807,12.5982,logdisc,16.834
tsetse,1499,4999,14,2,0,0,1.1316,0.3676,0.7792,NaN,1,NaN,0.6483,4.3322,0.9998,3.8755,0.285,3.50807,12.5982,newid,0.831
tsetse,1499,4999,14,2,0,0,1.1316,0.3676,0.7792,NaN,1,NaN,0.6483,4.3322,0.9998,3.8755,0.285,3.50807,12.5982,quadisc,12.886
tsetse,1499,4999,14,2,0,0,1.1316,0.3676,0.7792,NaN,1,NaN,0.6483,4.3322,0.9998,3.8755,0.285,3.50807,12.5982,rbf,3.325
tsetse,1499,4999,14,2,0,0,1.1316,0.3676,0.7792,NaN,1,NaN,0.6483,4.3322,0.9998,3.8755,0.285,3.50807,12.5982,smart,2.286
vehicle,846,846,18,4,0,0,1.5392,0.4828,0.842,0.8189,0.4696,0.9139,0.8282,5.18,1.9979,4.2472,0.3538,5.64698,11.0045,ac2,11.893
vehicle,846,846,18,4,0,0,1.5392,0.4828,0.842,0.8189,0.4696,0.9139,0.8282,5.18,1.9979,4.2472,0.3538,5.64698,11.0045,alloc80,1.874
vehicle,846,846,18,4,0,0,1.5392,0.4828,0.842,0.8189,0.4696,0.9139,0.8282,5.18,1.9979,4.2472,0.3538,5.64698,11.0045,backprop,4.643
vehicle,846,846,18,4,0,0,1.5392,0.4828,0.842,0.8189,0.4696,0.9139,0.8282,5.18,1.9979,4.2472,0.3538,5.64698,11.0045,bayes,33.235
vehicle,846,846,18,4,0,0,1.5392,0.4828,0.842,0.8189,0.4696,0.9139,0.8282,5.18,1.9979,4.2472,0.3538,5.64698,11.0045,bayestree,9.856
vehicle,846,846,18,4,0,0,1.5392,0.4828,0.842,0.8189,0.4696,0.9139,0.8282,5.18,1.9979,4.2472,0.3538,5.64698,11.0045,c4_5,9.449
vehicle,846,846,18,4,0,0,1.5392,0.4828,0.842,0.8189,0.4696,0.9139,0.8282,5.18,1.9979,4.2472,0.3538,5.64698,11.0045,cart,6.924
vehicle,846,846,18,4,0,0,1.5392,0.4828,0.842,0.8189,0.4696,0.9139,0.8282,5.18,1.9979,4.2472,0.3538,5.64698,11.0045,cal5,10.508
vehicle,846,846,18,4,0,0,1.5392,0.4828,0.842,0.8189,0.4696,0.9139,0.8282,5.18,1.9979,4.2472,0.3538,5.64698,11.0045,cascade,10.589
vehicle,846,846,18,4,0,0,1.5392,0.4828,0.842,0.8189,0.4696,0.9139,0.8282,5.18,1.9979,4.2472,0.3538,5.64698,11.0045,castle,28.917
vehicle,846,846,18,4,0,0,1.5392,0.4828,0.842,0.8189,0.4696,0.9139,0.8282,5.18,1.9979,4.2472,0.3538,5.64698,11.0045,cn2,13.359
vehicle,846,846,18,4,0,0,1.5392,0.4828,0.842,0.8189,0.4696,0.9139,0.8282,5.18,1.9979,4.2472,0.3538,5.64698,11.0045,default,48.874
vehicle,846,846,18,4,0,0,1.5392,0.4828,0.842,0.8189,0.4696,0.9139,0.8282,5.18,1.9979,4.2472,0.3538,5.64698,11.0045,dipol92,0.081
vehicle,846,846,18,4,0,0,1.5392,0.4828,0.842,0.8189,0.4696,0.9139,0.8282,5.18,1.9979,4.2472,0.3538,5.64698,11.0045,discrim,5.376
vehicle,846,846,18,4,0,0,1.5392,0.4828,0.842,0.8189,0.4696,0.9139,0.8282,5.18,1.9979,4.2472,0.3538,5.64698,11.0045,itrule,14.174
vehicle,846,846,18,4,0,0,1.5392,0.4828,0.842,0.8189,0.4696,0.9139,0.8282,5.18,1.9979,4.2472,0.3538,5.64698,11.0045,indcart,12.056
vehicle,846,846,18,4,0,0,1.5392,0.4828,0.842,0.8189,0.4696,0.9139,0.8282,5.18,1.9979,4.2472,0.3538,5.64698,11.0045,knn,10.182
vehicle,846,846,18,4,0,0,1.5392,0.4828,0.842,0.8189,0.4696,0.9139,0.8282,5.18,1.9979,4.2472,0.3538,5.64698,11.0045,kohonen,15.477
vehicle,846,846,18,4,0,0,1.5392,0.4828,0.842,0.8189,0.4696,0.9139,0.8282,5.18,1.9979,4.2472,0.3538,5.64698,11.0045,lvq,11.16
vehicle,846,846,18,4,0,0,1.5392,0.4828,0.842,0.8189,0.4696,0.9139,0.8282,5.18,1.9979,4.2472,0.3538,5.64698,11.0045,logdisc,3.421
vehicle,846,846,18,4,0,0,1.5392,0.4828,0.842,0.8189,0.4696,0.9139,0.8282,5.18,1.9979,4.2472,0.3538,5.64698,11.0045,newid,12.056
vehicle,846,846,18,4,0,0,1.5392,0.4828,0.842,0.8189,0.4696,0.9139,0.8282,5.18,1.9979,4.2472,0.3538,5.64698,11.0045,quadisc,0
vehicle,846,846,18,4,0,0,1.5392,0.4828,0.842,0.8189,0.4696,0.9139,0.8282,5.18,1.9979,4.2472,0.3538,5.64698,11.0045,rbf,12.789
vehicle,846,846,18,4,0,0,1.5392,0.4828,0.842,0.8189,0.4696,0.9139,0.8282,5.18,1.9979,4.2472,0.3538,5.64698,11.0045,smart,5.458
