-0.56231,-0.91769,1.2337,-1.3213,0.46148,-0.55933,1.1294,0.21291,0.76417,-0.87011,-1.2185,-0.1198,-0.8267,0.6421,1.2265,-0.73128,0.91308,-1.1961,2
0.55856,1.5767,-0.36828,1.2959,-0.36816,-1.197,0.70467,-0.8211,-0.56159,-0.01192,0.57729,-1.0912,-0.53522,1.4664,1.6625,0.14857,0.66402,0.15105,2
-1.4207,0.84782,0.67764,0.68108,-0.91377,-0.79214,0.38097,0.74459,0.55106,-0.71806,0.68412,0.85856,-1.5198,-1.3571,1.4813,-1.2018,0.76702,-1.3248,2
-0.74929,0.2846,-1.2241,-1.2496,-0.75834,-1.1073,-0.036319,1.2401,-1.4715,0.44013,0.93761,1.5882,-0.16343,0.7851,0.50932,-0.53253,0.99634,0.3591,2
0.54628,1.3934,0.42189,0.24443,0.62781,-1.4007,-0.62443,-1.3089,-1.5413,-1.2445,-0.78756,1.5324,-1.112,-0.53241,-0.46889,-0.97156,0.82912,0.64369,2
-1.1434,-0.054013,0.82936,1.6647,1.1546,-0.34889,0.57677,0.10932,1.075,-1.4391,0.53527,-1.2589,1.3947,1.2674,-0.68875,0.5003,-1.2962,-0.98839,2
-0.84761,-1.4942,0.017652,-0.89553,1.0897,0.060643,1.5871,0.66435,-1.658,-1.3193,-0.21455,-0.91771,-0.96814,0.52335,-1.0277,1.6563,-0.098098,1.3355,2
-1.0664,1.3663,1.3216,1.0804,-1.5179,-0.19354,1.4596,-0.88183,-1.6253,-1.0585,-1.0811,0.96845,0.66548,0.99675,-1.2272,-1.6897,-0.49303,0.28856,2
-1.2824,-0.73583,-1.4604,0.89435,-0.55915,-0.40912,-0.50381,1.6477,1.406,-1.2879,-0.64553,-1.1342,0.6002,-0.077729,1.2692,-0.0025065,-1.0757,-1.05,2
1.0993,1.4693,0.56088,0.91716,-1.5357,1.5478,-0.12691,1.196,-1.7012,-1.5131,1.2892,-0.13833,0.052337,1.5227,-1.0018,-1.6315,0.46477,-1.5494,2
-1.7133,1.2274,1.4074,0.94455,-0.16245,1.4009,-1.0453,1.1332,-0.84954,-1.6004,-0.12962,1.2627,-0.73897,0.037042,1.5414,1.4401,-1.6197,-1.1793,2
1.3045,0.58924,-0.55296,-0.49868,-1.0939,-0.29115,-0.43863,0.80201,-0.48532,0.60114,-0.087208,-0.2763,0.34586,-0.85239,1.1676,-0.18089,-1.0922,0.80238,1
0.88568,0.67362,1.0848,0.99479,-0.25742,1.6993,-1.0945,0.91763,-1.7434,0.85638,-1.0226,-1.5536,-1.4487,-1.3128,-0.86065,1.4658,-0.46805,0.89444,2
1.6655,-0.30903,-0.77993,-0.19398,-1.1037,0.22445,0.50593,-1.3368,-1.2372,-1.4898,-0.8671,1.0239,0.3835,1.288,1.119,0.9399,1.541,1.3609,2
-1.579,-0.48263,-0.85381,-0.87706,1.1575,0.91574,-0.66147,0.57137,-1.0348,1.4715,1.0885,0.93404,1.386,-1.4676,-1.0576,0.31116,0.056272,-0.51398,2
-0.61952,0.005047,-0.86614,0.44697,0.3596,0.39719,1.4395,1.4313,-0.91454,-0.54452,-0.92894,0.82245,0.74834,0.4421,-0.033303,-0.78733,-1.2063,1.3137,2
0.42274,1.4914,1.6868,-0.67648,0.11307,0.99891,1.2394,-0.72039,0.17603,-0.26276,-1.4536,0.12622,-0.49214,1.1327,0.62808,1.1973,1.2147,1.03,2
1.3356,-0.60455,-0.75372,-1.1812,0.34558,0.34617,1.5346,-1.3873,0.45185,0.5278,0.079474,-0.76351,1.1191,-1.5784,0.27548,-1.279,0.75815,-1.6233,2
0.8074,1.2994,-0.31077,-1.4833,-1.3727,-1.7102,-0.86317,0.55155,-1.1908,0.07261,0.13093,-0.0016392,1.0049,0.15199,-1.199,-0.56011,-1.3129,1.4626,1
1.4294,-0.43912,0.37127,0.52793,1.2433,0.52494,1.718,1.4508,1.2976,1.3037,-0.59814,0.90148,-0.057959,-0.50944,-1.0829,-0.54801,-0.94064,-0.94355,2
-0.11824,-0.34382,1.5853,0.3692,0.79308,0.49777,1.5143,-0.38453,1.2774,-0.80368,-0.60221,1.104,-1.2319,1.118,-1.1774,-0.083375,-0.80939,0.15936,2
1.5142,0.21993,-0.13726,-0.99222,1.6939,0.86339,-0.91176,-0.63678,0.3448,-0.77241,0.806,1.1504,-1.6148,0.95398,0.46335,-0.45699,-1.1238,-1.0642,2
0.19355,-1.4567,-1.1343,1.5668,0.30186,1.6885,0.11335,-1.6005,1.3579,-1.6209,-0.2971,-0.66362,0.55222,0.22717,-0.84082,-0.35861,-1.5633,1.0451,2
0.83102,1.0485,-0.66738,1.5411,1.34,-1.598,0.36282,-0.86001,0.056008,0.49336,-1.3837,-1.5882,-0.10465,-1.5558,0.22154,-0.054761,-0.31681,1.2534,2
-0.13165,0.87867,-0.88271,-0.37539,0.24216,0.71615,-0.1926,1.3984,-0.82021,1.601,-0.36687,-0.35099,0.87432,1.2365,1.5034,-0.63191,-1.1078,-0.074592,2
0.16359,-0.56414,-0.45416,0.39626,1.2244,-1.4127,1.0249,1.1662,1.0688,-1.4,1.034,-0.0053696,0.30866,-0.72152,1.6284,-1.6665,0.18048,0.11122,2
0.17533,-0.71901,-0.97042,1.4643,-1.1799,-1.432,-0.76291,1.1133,0.99792,0.96625,1.7269,-0.39816,0.6574,1.3478,0.8226,0.85765,-1.6915,0.6677,2
-0.79917,0.3717,1.5121,-1.3521,-0.42144,-0.069742,-1.3838,0.08385,0.79325,-0.99078,1.8739,-0.80362,0.79089,1.6633,-1.4434,0.6448,1.5919,-0.89781,2
1.6572,1.6377,-1.3715,-1.2688,1.4384,-0.95958,0.26043,0.83488,-0.9521,-0.65402,1.6935,-1.3586,-0.35576,0.75573,-1.5856,-1.0313,-1.2656,1.1425,1
0.37445,-0.1425,-0.40318,-0.5727,-1.3685,-0.43925,-0.36425,-0.48921,0.38357,-0.4838,-1.2837,1.209,1.5981,-0.011776,-1.3965,1.3293,-1.6395,0.74353,2
-1.7232,0.76354,-0.074885,0.43524,-1.2784,-0.47583,0.65864,-0.91996,0.70207,-0.29658,0.10614,0.69301,-0.62659,1.1714,1.0553,0.58595,0.36714,1.6435,2
1.453,-1.6931,-0.21393,-0.23027,0.057863,-0.85649,-1.7052,-0.70017,1.3209,-1.2622,-0.62987,0.76062,-0.58188,1.3714,-1.2525,1.3016,0.32614,0.30434,2
0.28757,-1.0291,0.797,1.1297,-1.6797,-1.254,0.43135,1.2223,1.512,0.20675,0.46768,-0.77366,1.2066,-1.7219,-1.3458,-0.27357,1.1001,-0.33165,2
-0.1541,-0.55523,-0.63261,-0.11125,-0.86367,-1.5434,-1.2147,0.88906,-0.73568,-1.5375,-1.1801,-1.3717,-1.5549,-0.59979,0.24111,-0.24316,-1.3759,-1.4094,2
-0.46388,1.081,1.1807,0.14139,-0.36996,1.3588,0.82231,0.53697,1.4533,-1.0249,1.5947,0.084768,-1.0169,-0.24953,1.4637,-0.42924,0.059766,0.025744,2
1.1457,-0.031689,0.32861,-1.0638,-1.7364,-0.43695,-0.31072,1.5727,-0.089211,-0.33833,0.83177,-0.68343,1.5438,1.4124,-0.45916,0.44109,-0.39616,-1.3058,2
-1.2674,-0.237,1.0062,-0.092881,-0.065107,0.62122,-1.4272,0.90754,1.0337,1.1245,-1.2698,1.089,1.3492,-0.35228,-1.4783,-0.098367,1.4938,-1.2456,2
-1.536,-1.2368,-1.4205,-0.248,-0.94696,0.25773,-1.4572,1.4847,-1.4875,-0.5036,0.35151,-0.7256,1.4171,-0.63196,-0.084609,0.79261,-0.55655,1.6559,2
-0.99746,-0.29004,0.75968,-0.94259,0.51516,-0.14132,0.6797,-0.071673,-1.3133,-1.0521,0.23465,0.63012,-1.6068,-0.12618,0.73617,1.6833,-0.17651,0.53553,2
1.5446,0.072572,-0.048931,0.56463,-0.4701,-0.53875,1.3716,-0.14141,0.41316,-0.73522,-0.99285,1.015,1.6223,0.24787,-0.48896,0.7301,1.0742,0.04745,2
0.417,-0.89803,-1.5687,0.8881,-0.88837,1.5244,-0.27898,-0.56696,0.96116,-0.49124,0.37813,-1.2823,-1.1583,-1.2965,0.33625,0.89556,1.1019,1.5863,2
1.3177,0.40061,-1.3027,1.5929,1.2574,0.00083598,-0.57934,0.42598,0.12917,1.3626,1.1521,0.71475,-1.3578,0.41577,-0.073457,0.19955,1.6099,-0.58697,2
-0.02748,-0.81268,0.15071,-0.4259,0.17392,0.67496,-0.41798,0.8201,-0.23639,0.17265,-1.6408,0.25354,1.6397,-0.40245,-0.73919,1.6928,-1.6611,1.6158,2
0.011431,0.53224,-0.034352,1.0217,1.0244,1.614,1.1098,-1.5454,-0.44242,-0.43124,-0.041014,-0.54028,-1.2613,0.61033,-0.60019,0.44902,-0.37419,0.20914,2
1.0055,0.25018,-0.58555,-0.079715,-1.4243,0.30326,-0.21771,-0.67359,0.52625,1.7115,0.030844,0.84539,-1.3693,0.80714,-1.5077,0.18859,1.0529,-0.098522,2
-0.03169,-1.0131,-1.0952,0.42196,-0.34356,0.57239,0.42321,-0.44238,-1.5892,-1.3876,-0.16233,-0.61446,-1.1451,0.49742,-0.54287,-0.4497,1.3671,-1.0038,2
-1.6978,-0.96401,-1.2088,0.95087,0.83146,-0.81793,1.0441,-0.67428,1.4865,-1.0165,0.96415,-1.0258,1.1227,0.40853,0.090464,0.36391,-0.029294,-1.7081,2
-0.19289,-1.4453,-0.91001,-0.83193,1.5652,0.94073,-0.14115,1.6232,0.85478,-0.38313,1.6222,1.1894,1.1801,1.3648,0.037853,-1.6503,0.29309,0.55619,2
-0.97509,1.3606,0.76872,-0.60224,0.95755,0.48091,-1.0792,-0.26006,0.63614,1.0118,-1.4919,0.17449,0.91251,0.88131,-1.5328,-0.69824,1.3391,1.5069,2
-0.0048527,-1.3464,-0.2908,1.4749,1.0681,-0.37475,0.81157,0.0014016,0.088568,0.95845,-0.016986,-0.023487,0.1956,-1.5468,-0.77713,1.1817,0.092067,0.81237,2
-1.4431,-0.36628,-0.34008,0.76397,0.15944,-0.98516,0.27225,-1.6788,-1.4183,-0.25136,0.0031216,0.48743,0.32874,0.57569,1.2454,1.039,1.1631,-1.2739,2
-0.45085,-0.16321,0.21885,-0.64325,0.99878,-1.0133,-0.37935,1.5195,-0.6977,0.61148,0.28413,-1.4995,-0.19208,-0.45988,-0.99819,-1.4031,-0.28181,-0.11933,2
0.4787,0.83676,-0.097873,-0.92167,-0.67443,0.69636,0.46515,0.2097,-0.32542,1.0806,1.7462,0.14878,-1.648,-1.5056,-1.6145,0.09657,-0.88477,-0.22243,2
-1.0559,1.206,-0.72526,1.1739,0.71553,-1.4669,1.6798,-0.97113,-0.88947,0.23402,-0.81595,1.0758,0.58046,0.67641,-1.1301,0.96388,-1.7076,0.015371,2
-1.7426,-0.97166,-0.018792,-1.6636,1.6549,0.54428,0.32782,-0.74397,-1.0676,-0.8392,-0.55945,-1.2243,1.4314,0.31635,0.34002,1.3856,0.25908,-1.152,2
0.029816,1.585,0.17184,-0.52261,1.2139,-0.73698,-0.68213,1.0038,1.631,0.29888,-0.028866,-1.0487,0.083765,-0.19147,1.6393,-1.4236,-1.5268,1.1264,2
-0.87424,1.5452,-1.0877,1.49,-0.73989,1.4976,0.061451,0.11823,-0.034778,-1.1902,1.2053,0.92709,1.2567,-0.49683,-0.89812,0.0075619,0.58583,0.3419,2
1.469,0.38937,0.069326,-0.6566,-1.2137,-0.26685,-1.375,1.3575,0.99219,-0.083756,0.60922,-1.6329,-0.6108,-0.14087,-0.86993,1.595,-1.4015,-0.19643,2
-1.6478,1.6819,0.40469,0.31458,1.1955,-0.62707,-0.73573,0.72283,-1.2747,-0.041956,0.18492,0.316,0.72485,-0.91321,-1.5637,0.11086,0.69686,-0.16476,2
0.23296,-1.2504,-1.5287,0.16824,0.026694,1.2377,1.7658,0.68477,0.67917,0.75025,1.7832,0.54584,-1.2872,1.3194,-0.022619,-0.93391,0.51051,0.87405,2
-1.0031,1.2316,1.495,-1.5532,0.47601,-1.3198,0.56269,1.5428,1.1679,1.5733,-1.5587,0.38364,-0.48377,1.0087,0.95865,1.0692,0.90082,-1.5138,2
-0.23024,-1.1496,1.091,0.59374,1.1374,-1.2204,-1.6266,-0.97684,0.20319,-0.17296,-0.1513,-1.2058,1.2311,-1.2653,0.31108,-1.5944,0.41715,-0.38729,2
1.434,-0.84122,0.974,0.62558,-0.54065,-1.7406,-1.6683,1.0339,-0.51273,0.8356,-1.3398,-1.493,-0.0054084,-0.92565,1.2863,-0.68197,-0.2444,-1.4627,2
0.39037,-1.1334,-0.80628,-1.0045,1.4927,0.034804,-0.61336,0.65174,-0.77919,-1.1685,1.5521,-0.062728,0.48745,-1.2479,-0.23695,0.28603,0.22148,1.417,2
-1.341,0.6925,0.0019843,-1.1184,-1.2276,-0.14936,0.72592,-1.2317,0.24778,-0.92591,-1.1361,1.2205,0.088078,0.90722,-0.82508,1.3615,0.42388,-0.93721,2
-1.6437,0.9785,-1.3484,-1.4136,1.673,1.6586,-1.0166,-0.11657,-1.3218,1.3988,-0.90232,-1.6952,-0.69837,0.76486,1.5197,1.026,1.2392,-1.5936,2
-0.10525,-1.6616,-0.18034,1.2325,-1.3205,-0.92781,-0.24322,-0.79462,-1.1569,1.1405,-0.83868,0.043321,-1.6549,0.2038,0.013059,-0.72282,-0.19391,0.68857,2
-0.83427,1.0599,0.38362,-1.5794,0.58939,0.091644,0.89394,0.58948,-1.4319,1.2042,1.2542,-1.4142,1.3583,1.1946,0.59265,-1.0819,-0.41922,-0.72035,2
-1.774,-1.4049,0.87524,-0.33775,-1.0815,-1.3057,-0.93668,-1.4666,0.91451,0.36807,-1.1594,1.3092,-0.035022,1.5739,1.1979,0.26423,0.45337,-1.4915,2
1.3587,0.57823,0.96121,-0.049908,1.4509,-1.732,-0.16162,-1.3169,0.74872,0.7962,-0.69158,1.2826,0.68788,-0.034352,-0.42817,1.5426,0.14117,-0.032221,2
0.77192,1.7094,-0.34832,-0.31082,0.28477,1.089,-1.3249,0.062783,1.1129,1.6296,0.74021,-0.10388,1.2355,-0.00026359,-0.29273,0.81353,0.96079,-1.0317,2
-0.30387,0.93486,-1.2449,-0.84014,1.5109,-0.82635,1.1986,-0.90251,-0.043491,0.63789,-0.27436,0.29064,1.1749,-1.4189,0.69939,-0.94679,-1.0165,-0.90452,2
0.66364,0.1985,0.43846,-1.1574,-0.48891,1.4221,0.39656,-1.1164,1.258,1.1901,-1.4337,-0.91009,-1.1303,-1.1688,-1.4227,1.0123,0.0035235,-0.81204,2
-0.3902,-1.5354,1.4486,0.64381,-0.44778,1.4522,-0.70505,0.15095,-1.0539,-1.078,-0.75891,0.76932,-0.57787,-1.1896,-1.3793,-1.5142,-0.9883,0.11818,2
-0.95426,1.3217,0.46447,-0.27567,0.57719,1.1941,-1.0002,1.4643,-0.58343,-1.6418,-1.6016,0.59269,0.97258,-1.7326,-1.2425,-1.125,1.0268,1.2005,2
1.604,-0.8788,1.7431,0.75856,-0.24554,0.43599,-0.75322,-1.6553,-0.60221,0.461,-1.0614,1.4435,0.017711,0.36654,-0.19679,-1.3838,-0.69606,0.94404,2
-0.77533,-1.7714,-0.26078,1.1662,1.3797,-1.6351,-1.1208,0.95806,-1.6026,0.41189,1.3199,-0.89044,-0.91067,-1.6196,-1.6075,-1.2591,1.6166,-0.46497,2
0.96262,1.3385,1.1518,1.6204,-1.0407,1.0475,-0.80681,1.5595,-1.2779,0.8766,-0.31152,-1.4588,1.4535,-0.96402,0.24424,-1.5692,-0.44059,-1.3479,1
-0.51771,0.16554,1.6586,-0.069705,0.76575,0.016601,1.6337,1.3816,-1.732,-0.089621,-0.33702,-0.15386,-1.6712,-0.89121,0.99622,1.2742,1.5622,-0.85324,2
-0.5441,1.6344,-1.395,1.0431,-1.5672,0.36924,1.6572,-0.5371,-0.25859,0.39755,-0.50137,-1.0776,-0.90442,0.26276,-0.72918,-0.046372,-1.1553,0.442,2
-1.6002,-1.2751,0.53949,0.85015,-1.4009,1.6512,-0.40784,0.35427,-0.12093,0.026341,1.281,0.27312,1.4682,0.20304,0.79259,0.17207,0.23198,1.3064,2
-1.501,-1.0723,1.0443,-1.2042,-1.7049,-1.1876,0.24491,-0.62222,-0.3559,1.5547,-0.10064,-0.99835,0.60426,1.5081,-1.6948,-1.6064,-1.4962,0.83915,1
-1.2994,0.51855,-1.5856,-1.3599,-0.90486,1.2745,-0.0033538,-1.3604,0.61006,-1.1006,0.089379,0.87968,-0.28339,-1.0542,-0.12816,-1.179,-1.337,-1.5249,2
0.11104,-0.34544,1.2635,-0.8535,-0.71671,-1.353,0.53754,-0.32368,-0.37917,1.1604,0.33921,1.5512,-0.093839,-1.6847,-0.41959,1.2094,-0.67445,-1.6672,2
-0.66778,0.34911,-0.56896,-0.96166,0.54393,0.95947,-1.1964,1.0565,1.6044,1.279,-1.5163,0.020215,-1.4216,0.71471,-1.0763,1.1207,1.6535,-0.86374,2
-1.1364,-0.25353,-0.68998,-1.3949,0.14092,-0.87355,-1.3036,-1.5912,1.5772,-0.60108,0.97594,1.5236,-0.27129,-1.4217,-0.36531,0.77372,-0.63546,-1.2153,2
0.50559,-0.26909,-0.1898,0.046026,-1.3412,0.15887,0.19019,1.2479,-0.32283,-0.18505,-0.2354,1.3725,-0.33955,-0.55835,1.3648,-1.2284,-0.70491,1.5486,2
0.084706,1.0938,-0.8254,-0.62378,0.37803,-1.0203,1.3409,-1.2654,-0.90228,0.67811,-0.96853,-0.73124,1.0995,0.33509,1.3409,0.65466,1.3793,-0.27976,2
-1.4613,-1.5217,-1.1195,-0.50573,0.85306,1.297,-1.6102,0.16661,1.187,1.6799,1.4142,1.0544,-0.51767,1.076,0.61299,0.34104,1.65,1.4493,2
1.6066,0.46538,0.65201,-0.39473,-0.18955,0.26617,0.74877,-0.20739,1.3136,1.701,1.7594,1.2387,1.4903,-1.4502,1.3121,0.47552,-0.95596,-0.67636,1
0.70309,0.91787,1.8475,-1.0214,-0.052509,-1.6113,-0.10704,0.63362,0.92713,-0.10613,1.6662,-1.4289,-0.99865,-0.28789,0.89288,-0.36617,0.78142,0.57562,2
-0.055503,-0.47098,-1.4486,1.6024,1.1155,0.83062,0.21766,-0.7783,-0.19159,-0.054961,0.79302,-1.0426,0.80995,-1.0274,-1.2939,-0.88924,1.2343,1.0661,2
0.591,0.44003,-1.3166,0.38681,-0.97163,-1.2807,-1.4857,0.99843,-1.0968,0.15573,-1.008,-0.25818,1.0175,-0.95072,0.072144,0.40026,1.6761,-0.66375,2
1.1291,1.2744,-0.92342,1.0351,1.4718,0.82014,0.97648,1.6423,-0.40931,-1.1424,1.1819,1.6467,-1.4635,1.4321,-0.96218,0.61352,0.1069,-1.6823,2
0.10236,-0.21778,1.3014,-1.0785,-1.6486,0.071036,0.90471,-1.1803,0.95262,1.4855,-0.45374,0.95236,0.84701,-0.64474,1.145,-0.39954,-0.52658,0.76587,2
0.93624,0.62632,-1.6969,0.69237,-0.21965,0.65287,-0.26938,1.3011,0.5851,1.023,0.17354,-1.2402,-0.93897,-0.84575,-0.17733,0.057317,-0.91098,0.1916,2
0.95789,-1.5541,0.98896,0.73193,1.5299,1.4801,-0.93053,1.3189,1.0303,1.3215,-1.6927,0.1462,0.90302,1.6171,-1.4205,-1.1554,-1.4796,-0.69911,2
0.79809,-1.324,0.50602,1.1069,1.3939,0.41665,-1.7157,-1.1851,-1.7616,0.55682,0.25411,0.98911,-0.9466,0.73642,-0.66032,-0.48364,-1.0433,-0.72968,2
-0.71343,0.47763,-0.94211,1.3843,-0.0099469,-0.90369,-1.5401,-1.648,1.4293,1.2298,0.76352,-0.57045,-1.5771,-0.056418,1.3242,-0.16032,-0.89451,1.0937,2
-1.1723,0.14136,-0.3934,-1.39,0.73265,-1.5606,0.62377,-0.055176,-0.98449,1.6675,-0.56644,-0.93792,-1.0698,-1.0953,0.12271,0.95964,-0.73391,0.39206,2
-0.68031,-0.99594,0.52591,0.0065401,0.60787,1.3411,-0.8872,-1.534,-0.057023,-0.13491,-0.47854,-0.298,1.0748,0.91314,0.85423,-0.77426,-1.0298,0.49617,2
1.2053,0.32139,-1.6117,-1.6407,-1.267,1.5822,-1.5601,-1.4971,-1.0277,-1.1146,-0.18903,-0.42254,-1.2233,0.97043,1.5663,0.61615,-1.5358,-0.83152,2
1.1653,-0.64681,0.62816,-1.5232,-1.56,-0.48374,0.77518,-1.081,-1.4512,-0.46436,1.3955,-0.50233,-0.67403,0.38211,-0.11437,-1.4593,-1.2715,-0.35894,2
-0.29006,1.6592,1.3881,1.3575,-0.63092,-0.5321,-0.47315,-1.5642,-0.61725,-0.76818,0.91418,-1.1687,-0.86046,1.2939,-0.6416,1.3687,1.2793,0.40742,2
1.699,0.046195,1.1404,1.1428,0.81357,-1.6676,1.168,-1.1571,0.7436,-0.66283,0.45141,-0.51618,1.3179,1.585,0.39728,-0.38501,1.0215,-1.5994,2
1.7103,-0.18292,1.109,1.4089,0.39372,1.3226,-1.2522,0.48777,-1.5444,0.24346,0.99631,1.4081,1.5039,1.4912,0.93427,0.75748,1.1428,-1.0868,2
1.2819,0.63884,0.19353,-0.78662,-0.43005,-1.2522,0.59753,0.30704,1.6506,-1.5712,-0.38868,-1.1808,0.95478,1.5504,0.80461,1.6167,1.3921,0.62466,2
0.13621,1.5073,1.5694,-1.4923,1.6028,-0.57925,1.3876,0.45676,-0.68036,0.18914,-0.40263,-0.22338,-0.1432,0.69876,-1.4889,-0.61874,-0.20589,1.7479,2
0.5935,-1.4213,-0.77639,1.2578,-0.81696,1.1014,-1.523,-0.39795,1.1402,1.4214,0.42874,-1.6173,-1.3443,-1.5299,1.4457,1.5667,0.56755,0.22403,2
-1.2162,1.4567,-0.60379,1.0754,0.26541,-1.6795,-0.82891,0.17743,-0.16355,-0.14284,1.4692,-0.3227,-0.13646,-0.10288,-0.51373,0.50088,0.19767,-0.2316,2
0.75735,-1.2142,-0.97759,-1.5747,-0.28553,0.14183,-0.34316,1.0912,1.0944,1.1106,-0.71137,1.2938,-1.7429,1.6931,-1.6759,-1.7106,0.94878,-0.081984,2
0.62478,-1.3574,0.84756,0.28921,-0.10754,0.39156,-1.1535,-0.19772,1.5395,-0.70234,-1.6487,-1.3415,0.12941,-0.1727,0.76322,-1.5536,1.4448,-0.42141,2
-0.37295,-1.613,1.835,0.51099,-0.60766,-0.7725,1.6104,0.50047,-0.0017938,1.5323,-1.5335,0.36675,0.76437,-0.3197,1.7195,-0.97458,-0.27548,1.1681,2
0.2519,0.088571,-1.027,-0.70918,0.31617,-0.63854,-1.2827,-1.2465,0.51341,1.0577,-1.6236,0.44996,0.85246,-0.77409,0.65591,-0.84432,-1.6648,-0.17398,2
1.5599,-0.66748,-1.1833,-1.1068,-0.65009,0.17356,0.85301,-0.23423,-0.81779,0.93647,0.058189,-0.87841,-0.7875,-0.27313,-0.58887,0.86829,-0.74109,-0.31419,2
0.20796,1.5221,-0.23516,-0.28067,0.65427,-1.0536,-0.51941,1.1846,0.025051,-0.6818,-1.419,1.4316,0.44004,-1.2842,1.6132,-1.3104,0.16157,1.717,1
-1.3294,-1.378,0.096597,0.83267,0.48997,1.2194,-1.5869,0.61834,0.28083,-1.1728,0.8702,0.18848,-1.0499,1.389,0.52046,-0.60324,0.73819,0.71083,2
0.90934,0.024284,-0.64521,-1.5185,1.5553,0.59371,-0.99028,-0.019029,-1.3402,-1.5318,0.7717,0.40575,-1.5098,-1.0699,1.0106,-1.3651,-1.24,1.4291,2
0.73673,1.1176,0.59083,1.5126,1.4208,0.75491,1.091,-1.7177,0.096541,-0.20153,-1.6845,-1.1458,0.6236,-0.30984,-0.3352,-0.31312,0.38768,1.0983,2
-1.1042,0.99738,-1.0451,-0.31914,-0.96482,-0.61199,0.48233,0.025191,0.29831,-0.53487,-0.67117,-1.1137,0.15447,-0.57811,-1.1495,-1.0186,-0.83135,0.51727,2
1.2436,-1.7252,0.25628,-1.2276,-1.6865,0.99297,0.92411,-0.099357,0.80927,-1.6491,0.21944,1.4818,0.20673,-1.2024,-0.62719,-0.5866,0.49441,-1.3928,2
-1.0369,0.6558,-1.3609,-0.73283,-1.0122,0.32361,1.0773,-0.36668,-0.53299,0.48707,-0.85675,0.47568,0.29542,-0.21918,-1.6662,1.1067,0.30663,-0.30357,2
1.0866,1.0295,1.6159,-1.3153,-0.19567,1.1796,-0.32791,-1.0651,-1.2523,1.4564,1.8077,-0.827,0.25385,1.1458,0.97609,0.55709,-0.97868,1.2875,2
-0.48716,-0.80037,0.1293,0.1126,0.70501,-0.012498,0.78989,-0.87006,-0.28008,-0.88969,0.26359,1.6354,1.2759,-0.66456,1.3913,-1.1319,-0.046827,-0.55345,2
-1.375,1.1757,-0.70361,1.4437,-1.4805,1.1408,-0.66615,-0.83507,1.5556,0.73321,0.40776,1.3896,0.71317,-0.43135,-1.6495,0.74446,-0.566,-1.434,2
-1.4094,-1.189,0.47794,0.66914,-1.6356,-0.12067,1.5678,1.6039,-0.71899,1.5052,0.67593,0.092485,-0.73248,1.2109,-0.29484,-0.81897,1.2944,-0.97496,2
-0.48509,1.672,-1.1004,1.6109,-1.5393,-0.79657,0.4179,-0.6399,0.092219,-0.69272,-0.7587,0.77474,0.90101,-1.0683,0.37799,0.84604,-1.4004,0.59667,2
0.72083,0.98881,1.1084,1.3608,1.2215,-0.42625,0.34555,1.2605,0.36277,1.2046,-0.7754,-0.15888,-0.38648,-1.6101,0.32855,-0.24867,-0.33192,-1.1009,2
1.6078,0.11241,-1.2333,1.1766,0.40805,1.4416,0.97218,1.4658,-0.47026,-1.2301,0.01788,1.6476,-1.2041,1.5296,1.1134,1.5421,-0.036302,0.39167,2
0.84461,-1.1604,-0.18196,0.44059,-1.7158,1.2245,-1.6326,-1.3013,1.3938,0.56254,-0.68712,1.2227,0.43729,1.1007,-0.93816,0.50232,1.0069,-0.91505,2
0.46621,0.73949,1.6181,-0.20551,-0.47179,-0.7024,1.0143,-1.2595,1.2989,-1.2833,-0.548,-0.14312,1.5569,-1.677,-0.84869,-0.86496,0.39798,1.3942,1
-1.6086,-1.2988,1.7687,0.94796,-0.05927,1.5208,-1.7054,1.1461,0.22955,-1.0853,1.5642,-0.8173,1.3305,0.54418,0.6916,0.4546,-1.6194,0.86726,2
0.29139,-1.598,-1.4691,-0.96897,0.29204,1.3214,-0.71133,-0.76741,0.1093,0.4633,0.62377,0.8503,0.69654,-1.0829,1.2156,-0.68473,-0.77658,-0.312,2
-0.40683,0.13615,1.2998,0.14405,0.32696,1.3808,-1.3944,-1.3749,-0.2513,-0.75117,0.26802,1.5299,-0.78051,-1.5564,0.49073,0.56581,0.55718,-1.5953,2
0.49383,-1.2615,0.7382,1.596,-0.89496,0.61368,-0.20007,-0.21455,0.68091,0.39342,-1.5017,-0.3887,-0.61389,-0.82676,-0.2312,1.1521,-0.68464,1.1368,2
-1.2408,-0.15266,0.18832,1.5308,0.59327,1.4443,0.83378,-0.7872,-1.1875,-1.2185,1.6492,-1.0168,1.3581,-0.71863,-0.34768,1.6025,-1.5363,0.49867,2
-0.47101,0.50682,-0.43806,-1.5306,-1.3937,-1.2521,0.90164,1.2322,-1.0319,1.0424,1.8388,-1.3104,-0.53466,0.85185,1.2171,1.6366,1.1607,-0.34826,2
1.0923,-0.11325,-1.6572,1.6288,-0.71799,-0.09663,-1.6064,1.3857,-0.10608,-0.77278,0.61281,-1.6379,-0.32222,0.33868,0.2241,-1.3347,-1.5161,0.047844,2
1.5621,0.2598,-0.16247,-0.55108,0.17945,-1.5946,-0.26025,-1.3336,-0.18742,0.69122,1.3532,0.59675,0.10252,-0.19921,-0.73215,-1.257,0.68924,-0.41067,1
1.7185,0.77432,-1.3121,-1.0761,1.2616,-0.21535,0.15088,-0.96343,-1.6507,1.7075,1.1338,0.28813,-1.0263,0.85502,0.63835,-1.6864,-0.96732,-0.50301,2
-1.2246,0.66187,-0.9302,0.85206,0.96213,-0.086983,-0.85839,0.80798,0.65225,-1.0262,1.0265,1.4627,1.592,0.88252,-1.0979,-0.15446,0.587,0.91078,2
-0.60712,0.86656,-1.0766,1.4862,0.56198,-0.48727,0.64957,-0.85693,0.12496,1.3256,0.96138,0.91051,-0.67148,0.74971,1.498,-0.037341,0.97215,0.3603,2
-1.1284,0.28877,0.25741,-0.98705,1.6517,0.74819,0.045651,-1.0365,1.2428,0.72821,-1.1433,0.034606,0.37616,-0.10163,-0.42553,1.0991,0.53102,-1.3267,2
0.0073649,1.2668,1.5422,0.72224,-0.7662,0.3472,-1.4742,1.5993,0.79168,-0.64438,1.2577,-0.99768,-1.0038,-0.98154,1.1673,0.47513,0.15763,1.2715,2
-1.5077,1.194,-1.2614,-0.13319,-0.83381,-1.5658,0.32254,-1.6953,-1.532,0.51277,1.643,-0.27773,0.056998,-1.5464,-1.408,1.0237,0.042892,-0.6795,2
0.40741,1.5251,0.27983,0.5121,-0.10496,1.4752,0.37554,0.52132,-0.92175,-1.0946,0.11439,-0.34346,0.57332,-0.47409,-0.40752,0.045004,0.41983,0.37207,1
-0.069014,1.4571,0.98448,1.2391,1.4042,-0.11501,-0.37569,1.3379,-1.3076,-1.6369,-1.6328,-1.5049,-1.181,1.2839,-0.9142,-0.38301,0.54922,-1.6736,2
0.74615,0.89088,1.3124,-1.4984,0.48014,-0.95547,-0.92045,-0.66297,1.031,-1.0593,-1.3084,-0.052603,-1.2606,-0.13064,-0.21514,0.48525,0.4976,1.6093,2
-0.19132,0.25439,-0.99724,-0.6248,0.7165,-1.0976,-1.2842,1.5758,-1.7229,-0.42635,-0.095101,0.98972,0.97304,-0.80395,1.692,-0.20457,-0.17137,-1.3458,2
1.3071,-0.83251,-0.13217,-1.6613,0.76267,0.26644,-1.692,-0.51015,0.15098,-0.7236,-1.5832,-1.3443,1.0299,0.1673,0.19377,-0.45831,0.12372,-1.2541,2
-1.7791,0.48554,-0.078088,0.46544,1.5863,0.99416,0.48698,0.43549,-1.7453,-0.11273,1.4047,-1.2314,-0.97985,-1.1663,-0.8428,0.7812,-0.084648,-1.4401,2
1.0199,-1.6208,0.6151,0.32177,-1.5807,1.2943,1.6751,0.24152,0.41892,-0.51194,1.191,-1.2393,0.92282,0.78818,0.34833,0.67467,-0.95953,-0.67009,2
1.1189,-1.5612,1.6296,-0.70728,-0.5616,-0.68721,-1.1364,0.8613,-1.3277,-1.2014,-1.1778,1.51,-0.40164,-0.52032,0.65762,0.15325,0.72443,0.47089,2
0.66285,-0.80267,-0.79932,0.21532,1.679,1.0652,0.57004,0.73219,0.81086,0.34173,0.2971,1.3259,1.092,-0.69979,0.66258,-1.2831,-0.35225,0.63723,2
-1.4165,0.22295,-1.3693,0.73612,-0.32042,1.3926,1.4784,0.98781,0.8536,1.6022,0.089704,0.72147,0.72379,0.46707,1.5277,-1.1436,-0.013649,1.465,2
-0.55231,1.2791,0.089979,-1.3048,-0.30846,-0.97174,0.17995,-0.077451,1.5662,-1.6519,0.58965,-0.19837,-0.92929,0.38544,0.53318,0.92367,1.5298,0.43317,2
0.62812,-0.57739,1.2327,-0.27255,1.2069,0.82819,1.3282,0.67314,0.56017,0.91879,-0.83787,-0.25505,-0.48914,-0.076347,-0.56733,-0.22684,-0.80248,-0.53162,2
-1.3123,1.6424,-1.5296,0.98127,1.3769,1.077,-0.68948,0.11597,0.01216,1.5723,-1.2384,-0.88264,-0.24467,-0.76135,-0.75665,0.034938,0.95383,-0.087545,2
-0.30561,-1.713,-0.41269,-0.58811,0.31095,0.91695,0.23059,-1.1864,0.31104,0.5801,1.1182,1.5799,1.1948,0.0032133,-1.4327,1.1805,-0.29863,0.66208,2
0.79496,-0.46738,-0.19385,0.69316,-0.68211,1.5601,-0.8974,-0.92976,-1.0125,-0.8679,1.1541,1.476,-0.33497,1.0313,1.5841,-1.3631,1.6567,-0.21898,2
-1.2755,1.4119,-1.6007,-0.86894,-1.1908,-1.0128,0.29111,1.3492,1.349,-1.1848,0.24674,1.0451,-1.0761,-0.3677,0.30877,1.004,-0.10415,-1.5357,2
1.4757,-0.13797,-0.31706,1.0734,-0.26516,1.2727,-0.88419,-1.6781,-1.4322,-0.20553,0.14343,-0.76343,1.2058,1.0803,1.4515,-0.75973,1.1163,-1.1931,2
-0.5692,-1.7414,-0.51866,-0.38046,-1.0051,0.13473,0.31027,0.64626,0.71859,-1.5387,-1.0175,-0.40105,1.0212,-0.89211,0.71232,1.1335,1.2573,1.5897,2
1.4099,0.092642,0.30903,-0.40995,-1.0522,0.11273,1.5634,-0.89454,0.48048,-0.29682,-0.20106,1.357,-0.87376,-0.61166,-0.093228,1.3496,-0.41246,-0.7036,2
-0.066753,1.0365,0.45361,-1.463,0.77829,-0.81463,1.4548,1.1872,-0.50385,1.0304,-0.90119,1.4052,1.4679,-0.149,-1.6511,1.0895,1.6117,0.67376,2
0.18676,1.5728,-1.5819,-0.9142,-0.80231,0.25029,1.7195,0.35205,-0.9946,0.060374,0.33862,0.95041,0.70273,-0.32495,-0.46695,-0.0083645,-1.5784,1.2094,1
0.64153,-0.09352,0.54169,-0.33693,1.077,-1.4302,-1.6598,0.54903,1.6168,0.01996,-0.56638,-1.052,-0.63636,1.4413,1.2885,0.5883,-0.64896,-1.4143,2
0.22689,-0.39625,-0.11668,1.452,1.547,-0.37135,1.5868,0.87638,0.89884,-0.2445,-1.0634,-0.36044,-1.7025,1.3501,-0.53845,0.10448,-1.0653,-1.0174,2
1.5788,-0.58116,1.4619,-0.78888,1.4517,0.31002,-0.67143,1.6204,0.37898,-0.95517,-0.53998,-1.6003,1.5064,-0.19564,-1.0444,-1.1928,0.23371,-0.59249,2
1.5386,0.99818,-0.0057834,-1.2618,-1.163,1.6789,-0.14598,-0.41935,1.3349,0.23416,0.34573,-1.3911,-1.5952,0.41778,-0.43155,0.20867,-0.75586,-1.5483,2
-1.3924,-0.61381,1.5197,-1.3263,-1.549,0.43818,-1.5397,-0.61059,-0.19695,-1.3304,0.47417,1.3906,-0.27638,-0.84487,-0.95422,0.32259,1.3114,-1.6936,2
0.043884,-0.25784,-0.86808,-1.2289,-1.3429,-0.75892,0.95062,0.50527,1.4544,-1.5902,0.044692,-1.6456,0.67608,1.3198,-1.3517,-1.57,0.68365,-0.83904,2
-0.13648,-0.89031,-0.68314,1.0511,0.16478,0.868,0.022177,0.76992,1.1372,0.85786,-0.9854,-0.73383,0.46282,-0.93003,-1.5317,-1.2361,1.3032,0.16381,2
-0.78502,-1.219,-1.0609,-0.84692,-1.0104,1.2316,0.12647,-0.459,-1.2334,0.35867,-1.404,1.2965,1.6575,-0.37179,-0.68753,-0.17419,1.5078,0.26065,2
-1.6856,0.057168,0.066498,1.3266,-0.096483,0.81402,-1.4584,1.4178,-0.58798,-0.65705,1.7186,0.7997,0.94498,1.5011,-1.1754,0.60055,1.2048,1.5177,2
0.95525,1.1095,-0.25925,1.1171,-0.50755,-0.83951,1.6597,0.18058,-0.76451,-0.38934,-1.4377,-1.2607,1.3786,-1.2962,-0.25228,0.65689,-0.15161,-1.5165,1
-0.35369,-1.4375,-0.78792,-0.012058,-1.6902,1.2583,-0.61039,1.1705,1.552,1.246,-0.74081,0.87256,-0.35377,0.32926,-0.59093,-0.83174,-1.6395,0.69672,2
-0.39273,-1.1295,1.5393,1.6469,-1.4246,1.3486,1.6445,0.12184,-0.56711,1.0077,-0.19084,0.54901,-1.5094,0.69074,-0.90145,-0.21673,0.45489,0.40968,2
1.2304,-1.346,0.20216,-1.0316,-0.20191,-1.4157,0.090667,-1.4728,0.4372,0.66022,-0.71548,-0.29428,-0.15832,-0.41214,1.2427,1.5598,-1.5911,-0.61928,2
-0.79026,-0.38197,0.55223,-1.1377,-0.56852,1.0174,1.0601,1.4885,-0.31423,1.2566,-1.59,-0.059127,0.40046,-1.1297,-1.4963,-1.0221,-1.3075,-0.23536,2
1.3596,1.1902,0.51366,1.3431,0.69632,1.4206,-0.55741,-1.1635,0.87468,1.2203,-1.1249,1.1245,-1.4517,0.12871,-0.51669,-1.5095,-0.58539,0.29657,2
0.023752,-0.04443,1.6741,-1.6014,-0.44626,-0.60866,-0.21823,1.4983,-1.0806,-0.10182,1.3834,1.4979,-1.2128,-0.49906,0.01266,0.9691,-1.1451,-0.47086,2
-0.88565,0.042679,-0.5591,-0.10714,-0.91592,-0.72606,0.55662,0.27786,1.3642,-1.5784,-1.4811,1.4454,0.52856,0.3698,0.92969,1.4057,-1.1224,-0.11102,2
0.12145,-1.0313,-0.60996,-0.058382,-0.29107,-1.053,0.20466,-0.47375,-0.71203,-0.97314,-1.3844,-1.1206,1.1573,1.413,-1.1361,0.98425,1.5441,-0.75751,2
0.68154,-0.18722,-1.5328,-0.95693,-0.95339,-1.0841,-0.73542,1.3023,-0.3753,0.0071921,-1.2824,-0.22099,-1.1222,1.6934,-1.6127,1.4596,-0.23732,1.3793,2
0.57633,0.79016,1.3416,-1.0959,0.23155,1.0421,-0.46969,-0.25697,-1.2734,0.25369,0.98842,0.013261,1.4445,1.5946,-0.32708,1.2155,-0.82673,-0.96481,2
1.4499,0.21708,1.2164,0.96585,0.091624,-0.50614,0.85226,0.58009,-0.75964,-0.13084,0.98248,-0.72461,1.3932,0.95388,1.3513,0.30895,-0.71684,1.7374,2
1.2009,1.7072,0.36187,0.59991,0.064735,-1.1334,-0.3303,-0.52825,-0.70266,1.6226,0.73489,-0.96615,-0.22189,-0.69052,0.44318,0.52713,-0.86949,0.72467,1
-0.6682,0.8193,0.60628,0.14988,-0.33054,0.933,1.6096,-0.3792,0.58892,-1.0438,0.542,-1.2785,-1.0856,-1.1941,-0.35923,-1.3884,1.1879,-0.11597,2
-1.0874,-1.3996,0.78103,-0.15176,1.6758,0.059206,0.53313,-0.81345,1.4366,-0.93291,1.2199,1.4283,-1.4396,-0.023139,0.93281,-0.9217,0.2154,0.84806,2
-0.013354,-0.42804,-0.39791,1.2913,-0.62458,-0.64293,-0.071994,-0.98417,-0.15122,-1.4972,-0.065354,1.1036,0.30212,0.31673,-0.87924,-1.6794,-1.2916,-1.5757,2
0.98692,0.61453,-0.67784,0.040606,0.52017,0.32821,1.3889,0.064861,0.19947,-1.133,-1.2937,1.5828,1.2167,0.19625,-0.67427,0.34732,-1.2064,1.1158,2
-0.87227,0.44205,-1.5688,-0.29886,0.55206,-0.98403,0.16438,-0.11693,1.1245,-0.051878,-0.37658,-0.78698,-1.6185,-0.53082,-0.10636,-0.69735,1.3317,0.30993,2
1.509,0.84421,0.80281,1.5741,0.45635,0.20539,-1.0532,-1.1812,-0.11726,0.61488,1.506,0.57166,1.445,-1.6143,0.11269,-1.4021,1.4373,-0.89906,1
1.0371,-0.51584,-1.2948,0.26967,-0.65321,1.6238,1.2809,0.26497,1.5167,-0.91676,1.6043,-0.42599,0.76666,1.1116,-0.13936,-0.11835,0.765,-0.87621,2
-0.36566,-0.2436,1.1827,-1.2834,1.1059,0.22272,0.67969,1.3101,-0.51438,-0.54499,-0.22999,0.96889,-0.55068,0.94094,-0.042433,1.3707,0.90972,-0.9405,2
-1.0355,-1.2383,0.58584,1.4224,1.3506,-1.177,-1.4034,-1.572,1.0964,0.12748,-1.3573,-0.018315,0.83668,1.1916,-0.071578,1.6844,0.20687,-1.4274,2
0.55374,-0.52031,0.96128,-0.63027,-1.6681,0.95942,-1.0815,0.44149,1.2244,0.99683,0.4944,-0.4583,-0.50791,-1.4244,-1.6912,-0.78425,-1.02,-0.20116,2
-1.5497,-0.7025,-1.6335,0.18535,0.82298,0.42122,1.1466,-0.26851,0.92368,1.6676,0.19075,-1.6955,1.2864,-0.643,1.0487,1.1173,1.0359,0.020806,2
0.89334,0.1985,1.1631,0.0097029,-1.5046,0.28233,0.76315,-0.44311,-1.6597,-0.23035,-1.7028,-0.93972,0.86841,0.66667,0.77228,0.54873,-1.5116,-0.60617,2
-0.70297,-1.746,-1.1986,-0.75544,-1.4341,1.1617,1.6266,-0.31189,-0.35966,0.3817,-0.27681,0.20757,-0.57202,-1.4609,1.7139,-1.0359,0.62846,-1.3822,2
0.13058,-1.0566,-0.44616,-0.075174,1.4443,-0.40328,1.1156,0.84685,-0.44739,-1.4259,0.90058,0.27273,0.63568,-1.7102,-1.254,-1.7015,-1.2642,-0.30574,2
1.3788,-0.93415,-1.1712,0.57358,-1.077,-0.050893,0.71894,1.6371,-0.04778,1.1598,0.31806,1.1691,0.3547,0.52167,0.15967,-0.35343,1.6157,-0.0028301,2
-1.5087,-0.77409,-0.033552,-0.45175,0.6369,-1.1512,1.4053,1.4394,0.62822,0.52756,0.12864,0.5328,-0.45016,0.39873,1.3775,-0.53543,0.7469,-0.74068,2
1.6381,0.1789,-0.0033753,0.088962,0.85511,1.6006,-1.5821,1.1201,0.5068,-1.4663,0.72375,-0.65384,0.27285,-1.2667,1.2672,0.90396,0.25888,-0.042113,2
-0.58339,-0.40419,-0.99409,1.2241,-0.81919,-1.5323,1.2045,-0.15537,-0.2147,0.20951,-1.6233,-1.2951,0.95344,-1.0065,1.1237,-0.32865,-0.21601,-0.81793,2
-1.7325,-1.1998,0.86881,1.3047,-0.85514,-1.3273,-0.252,0.21161,1.1955,-1.4428,-1.1995,1.087,-1.7378,0.57564,-0.49897,-1.547,-0.55654,0.070286,2
1.2629,-0.74613,-1.0421,-1.6412,0.024965,0.1985,-0.98105,-1.0722,0.51916,0.90051,-0.10183,1.5455,-0.039945,0.71889,0.59798,-1.0791,-1.1605,-1.4955,2
0.32506,1.0844,-0.32848,-0.49873,1.4735,0.63013,-0.94415,-1.2934,1.1654,0.32691,1.0208,0.35903,-1.6574,-0.062103,0.27057,0.64507,1.5901,1.4151,2
-1.0154,1.5,-0.57116,-0.48001,-0.43351,0.51334,-0.52912,-0.59846,0.027889,-0.58816,1.8774,0.30363,0.82183,0.027462,0.81586,-0.97163,1.406,-0.9531,2
-0.17791,-1.4963,0.16053,-1.0505,0.42739,0.72004,1.3487,0.70871,0.83458,1.5512,-0.88139,-0.17515,-0.64451,0.75985,0.89435,-1.063,-0.42474,0.81351,2
0.81324,0.38966,1.7197,-1.5039,1.5142,1.5518,0.072228,-1.3148,0.1894,0.041572,1.0801,0.31932,1.4908,-1.5008,-0.4593,-1.4344,-0.74204,1.3448,1
0.16705,0.15788,1.5971,0.77971,0.48371,-0.89722,1.5396,-1.2026,-0.7815,0.49392,1.3177,0.23178,0.65054,-1.4145,0.082221,1.2303,0.95012,1.2492,2
1.0735,-0.72329,0.82391,-1.3498,-1.1508,-1.3578,0.6969,1.5629,1.0188,-1.3697,-0.0033253,0.34502,-1.5548,-1.7345,0.35688,-0.31142,1.122,0.27726,2
-0.1556,1.3833,-1.1747,1.2591,1.1222,-1.2058,1.1566,-1.3947,0.04507,-1.6229,1.4085,-0.31215,-1.1025,0.97694,1.3086,-0.6292,0.14143,1.0038,2
-1.054,-1.5893,1.1294,0.66832,-0.38626,-1.3912,0.6346,1.0562,-0.67452,-0.19347,0.44123,-1.567,-0.089804,1.5743,-0.049182,-1.7197,-1.6774,1.4819,2
-0.28295,1.1305,0.34751,1.1472,-1.3773,0.038682,0.39543,0.20508,-1.5985,1.4926,-0.167,0.72858,0.52468,1.1757,-1.5612,1.2723,-0.93915,-1.6522,2
1.286,-0.68883,1.1935,-1.571,1.09,-0.58744,1.2324,-1.2292,1.5917,-0.45646,1.9078,-1.6742,0.030766,1.5199,0.51522,1.6911,-1.652,-0.068874,2
-1.0785,0.0011646,-0.47974,0.87071,0.74954,-0.34136,1.0922,-1.1162,0.46869,-1.4167,0.41068,0.42818,-0.91964,1.3886,0.74653,-0.93764,-1.112,0.80279,2
-0.81737,-0.36135,1.0591,1.5574,0.34752,-0.19275,0.95283,-0.3691,-1.4675,-0.3716,0.23394,-0.58672,0.16625,-1.4455,-0.14988,1.6591,-0.67721,-1.1814,2
-1.3419,0.74446,0.89977,-1.2045,-0.01963,-0.16896,-0.18271,-0.57467,-0.23285,1.467,-1.3328,-1.0403,0.99017,0.50707,1.1852,0.17271,1.357,1.6325,2
-0.99393,-1.5275,1.6848,-0.23712,1.044,-0.019575,-0.28488,-1.5243,-1.388,-1.3804,-1.0283,-1.3694,0.49097,-0.98025,-1.1961,0.89496,1.0523,1.4304,2
0.10545,-0.34051,1.0204,0.92344,-0.19104,0.022765,-1.3289,0.46626,0.34383,1.7385,-1.1091,1.3604,-1.6864,-1.6887,1.4279,1.5,-0.90395,-0.28656,2
-0.71708,0.36139,0.24046,0.23589,-1.7306,1.0099,-0.49074,0.0036319,0.59448,1.502,-0.050075,0.48713,-0.054621,-0.45626,1.039,1.5804,0.46888,0.20565,2
0.42806,-1.0078,1.0865,1.1145,0.97818,-1.1678,0.79101,0.59412,1.5016,1.406,-0.67247,-0.10547,-1.2367,0.48581,1.7303,-1.6089,1.6383,-1.1579,2
-0.034286,-0.3247,-1.2853,-0.36643,-0.17071,-1.2285,-0.63218,0.14077,1.0525,1.4302,0.65383,1.0192,-1.2748,1.0139,-1.6151,-0.55469,1.3933,1.0244,2
-1.4606,-1.3272,-1.1149,-0.32518,1.0158,1.1472,0.59246,1.0729,-0.89694,0.82888,-0.62789,-1.621,-0.41608,0.79675,0.04018,1.0617,1.4515,1.528,2
1.2482,0.70196,1.5749,-0.65397,1.5729,0.66215,-0.65592,-1.664,-0.73576,-1.5169,-1.4478,-0.48757,-1.3081,0.25125,0.094292,0.35799,-1.1726,1.1876,2
-0.75462,1.2313,0.2188,0.35991,-1.6585,-0.73328,-0.021483,0.93785,-0.95854,1.4544,1.338,-0.57738,-1.1609,-1.1116,-1.2149,-1.0065,-0.37726,0.0034851,2
-1.271,-0.67151,-0.35463,-1.153,0.21009,-1.0333,-0.13126,-1.4409,1.2726,-0.29079,-0.15844,-1.1822,-1.5848,-1.6505,-1.1329,1.4329,0.27905,0.57505,2
0.062307,1.4012,1.825,0.7458,-1.2922,0.45805,-1.6448,1.5159,-1.1297,0.97441,0.83676,1.6202,1.3164,0.16534,1.5224,-0.43324,-0.49288,0.51811,1
-0.4516,-1.3867,0.38011,-0.80842,1.4223,0.56198,0.42955,-0.79955,0.73228,0.63475,-0.61727,-1.4858,1.1247,1.6681,0.86066,-1.1181,1.3809,0.45021,2
1.6871,-0.75459,-0.58374,1.6547,0.92561,-1.3477,-1.0989,0.91926,0.28062,0.77963,1.4739,-0.8464,-0.30927,0.10778,-1.2695,0.74589,1.6783,-0.26343,2
-1.5452,0.97534,0.47296,-0.76867,0.80006,-0.23428,-1.5243,1.1056,-1.3613,0.79487,-0.47267,-0.6163,-1.3042,0.73836,-1.4698,-0.64952,0.81699,-0.1816,2
-0.53351,0.021646,-1.6912,-1.4419,-0.87373,-1.5035,-0.46613,-0.99821,0.75918,-0.73601,1.5284,-1.5808,0.29582,1.3581,0.28509,-1.4217,-0.20003,1.1578,2
0.083371,-0.85592,-1.1488,0.46309,1.3356,-0.1559,-0.964,0.94656,0.96424,0.084683,0.18022,1.2475,-0.81183,-0.281,-0.80871,1.2941,-0.43581,-1.5723,2
0.44187,0.53267,0.94388,1.3866,-0.072123,-1.4763,-0.81158,0.75091,-0.98951,0.30455,-0.50358,-0.094463,-0.02669,-1.135,0.17741,0.27732,-0.58057,1.7194,2
0.98069,-0.97549,-1.6279,-0.11048,0.38524,0.07224,-1.5677,-1.6387,1.3777,0.87897,-0.35113,-0.67312,-0.72496,0.20387,-0.18398,0.84145,0.62646,0.7776,2
0.86002,1.4656,-1.0241,-0.90584,0.92485,-0.037608,1.4751,0.020546,-1.4691,-0.074831,0.70239,1.208,-1.3415,1.2038,1.0837,0.6994,-1.7208,-1.1144,2
0.36356,0.06802,0.12984,0.89587,0.096157,0.66835,-0.58869,-1.0592,-1.1513,-1.5587,-0.84564,1.228,0.73961,0.64119,0.99818,-0.74278,1.2877,1.2156,2
-0.5142,1.4313,-0.90853,-1.2162,-0.73587,-1.4466,-1.2899,-0.71697,-0.15849,0.1555,0.067179,-1.1399,-1.1419,-1.342,-1.1726,0.22219,-0.91936,1.6941,2
0.91953,0.60286,1.6489,-0.51341,0.22104,-0.3299,1.7425,-0.32612,0.88808,0.095329,-0.96491,1.6089,1.1663,1.299,-1.3949,0.42034,0.0171,-0.1583,2
-0.97015,-1.2852,0.82831,-0.67318,-0.40014,-0.39365,-0.40996,-0.70216,1.4723,1.1904,-0.81834,0.01827,-1.417,0.23872,1.0089,-0.022462,-1.3448,0.077884,2
1.1709,1.2877,-0.75678,0.28316,-1.2184,0.58535,1.009,-0.6896,0.53697,1.3724,-0.90861,-0.6769,0.48833,-1.2162,1.5439,0.79839,0.31369,0.75978,1
-0.33922,-0.92712,-1.6738,1.4418,1.3281,-0.26753,-1.0127,0.033898,-1.0578,-0.88588,0.52112,0.062125,1.1035,-0.5628,0.1364,0.86951,-0.4885,0.63469,2
-0.2732,-1.1634,-0.85319,0.20224,-1.3076,-1.7745,-0.16844,-0.87954,-1.7133,-1.2477,0.67421,0.58086,-0.7654,-1.3107,0.25114,-1.1543,-0.023578,-1.0104,2
0.21979,0.70442,1.2538,1.0199,0.046335,-0.25004,-1.2534,-0.039585,1.1564,0.1197,0.45118,-0.50888,-0.14104,-0.86175,0.8917,-0.88361,-0.30492,-0.99391,2
1.5012,0.57233,0.49978,-0.44164,1.1861,-1.7451,0.005382,0.82652,-0.93985,0.6415,0.57826,-1.1427,1.6253,-0.62571,1.068,-1.5036,1.2509,1.3568,1
-0.6804,0.39423,-0.3788,-1.4779,-0.42435,1.1787,-1.3754,-1.7283,-1.624,-0.49991,-1.5098,-0.70613,0.077177,1.5526,1.3488,0.82533,-0.46257,-0.4455,2
-1.1057,-0.20088,-0.629,-1.6199,0.63463,1.7011,0.51696,0.33937,-0.83363,0.41377,-0.295,-0.025828,-0.47513,-0.77107,0.42898,-1.4857,-1.4728,1.6665,2
0.52069,-0.071469,-1.2313,-0.29316,-1.4731,-0.53243,-0.050534,-1.6286,-0.39917,-0.70337,-0.31692,1.2739,0.8777,-0.16495,-0.5574,0.23547,0.35966,0.84207,2
-0.10452,1.5093,1.0346,1.508,-1.1199,-1.3826,0.87894,0.058197,1.2174,-1.0034,1.2923,-1.3588,0.12223,-0.43155,-1.0244,1.2485,-0.14702,0.54851,2
-1.2166,-0.68415,-1.6089,-0.75431,-0.57385,-1.7611,1.3556,-0.99555,-0.22462,-1.3383,-0.73765,-1.2912,-1.489,0.28188,-1.0999,-0.11325,0.8828,-0.6036,2
1.3853,1.2632,0.6955,-0.97837,-0.14294,1.5648,-0.8418,0.28087,1.2187,-1.3622,0.8601,-1.5712,-0.55719,-0.87508,0.92471,-0.82842,1.523,1.6727,1
1.0328,0.74883,-0.50755,-0.47749,0.91683,-1.1558,0.0062294,1.5073,0.31829,0.65449,-0.90078,0.67855,-0.31702,1.6523,1.3836,1.5254,0.86631,1.5368,2
0.46833,0.4974,0.92839,1.326,-0.30966,-0.30265,1.6223,-1.1274,-0.4658,0.38878,1.8905,-1.5479,1.5964,1.2176,-0.38895,0.066771,1.126,1.1819,2
-1.6151,0.56025,1.7169,-0.16501,-1.1236,1.154,-1.14,0.3661,1.1479,-1.2674,1.5015,0.43442,-1.0795,0.5923,1.1345,0.8387,-0.62123,1.2132,2
0.30924,-1.6814,0.34693,0.54389,-1.6001,-1.0757,-1.4071,0.44897,-1.5712,-0.96427,-1.5696,-0.36428,0.17987,0.65123,1.0815,-1.3531,0.81075,0.59165,2
0.51548,0.70747,0.58558,0.34295,0.12766,-0.10548,0.6904,0.78581,0.37937,0.7886,-1.3474,-0.18763,-1.7201,-0.75487,1.0844,0.36813,-0.78797,-0.44118,2
-0.43332,-1.6468,-0.49726,0.23732,0.038647,0.77734,1.7313,-0.51831,0.65528,-0.94822,-0.52663,-1.6702,1.2937,0.53303,-0.39918,0.027405,0.35986,1.604,2
-1.4761,0.21101,1.1919,-1.2891,0.20686,0.7439,1.2609,-0.15036,-1.5233,-0.92224,0.39442,-1.4539,1.5701,-0.58588,1.4191,1.145,0.98125,0.78794,2
1.4013,0.12883,1.2457,-0.80665,0.41021,-1.5192,-0.55921,-1.6302,-0.86418,-1.2195,1.4425,-0.9719,0.22378,-0.81246,-0.27365,-0.86315,-0.35284,-1.5715,1
-1.5565,0.31006,0.1816,-0.14139,-0.52306,1.1151,0.14128,-0.051885,0.0086952,1.0024,-0.064334,0.51506,-0.38203,0.56318,1.5954,-1.5009,-1.2113,-0.55976,2
-1.1822,-0.12093,0.041601,-1.2164,0.52477,-1.5756,-1.1713,0.38807,0.33012,-0.85547,1.8623,-0.30761,0.94601,-1.6682,-0.0040075,-1.0047,-0.53118,1.0069,2
0.71725,-0.51815,-0.42405,1.3402,0.89943,0.21978,1.5504,-0.27961,-0.95966,1.3715,1.3316,0.60584,0.41686,0.17276,0.8895,-1.4421,1.4642,0.60633,2
1.2681,-0.19288,1.4804,-1.6306,-0.79583,1.5157,0.2128,-0.33536,1.2335,-0.00588,-0.95557,-1.6469,0.11701,-1.3333,-0.20648,-0.33017,1.1905,-1.6372,2
-0.35402,-0.86512,0.24261,0.21343,1.587,-0.051226,1.6925,0.23539,1.3837,0.32327,1.6398,1.5723,0.46204,-1.7043,-0.15079,-0.26371,1.4257,-0.36914,2
0.048466,-0.77585,1.7914,-0.55104,0.97609,-0.7522,0.99379,0.41232,-0.79289,-0.28636,-1.0906,1.1672,-1.3226,-1.1087,0.45143,1.0836,-1.4704,-0.78782,2
-0.322,1.1428,0.91297,-1.4571,-1.7556,0.88348,-1.0686,0.049161,0.89303,1.5828,0.62745,0.31311,-0.012577,-0.79684,0.85294,1.2404,0.68008,1.481,2
-0.074897,0.11807,0.82306,0.71865,-0.84847,0.19828,1.2821,0.29723,0.83773,1.0695,1.6781,-0.46253,-1.4285,-1.0068,-0.75812,0.22983,-0.48558,-0.75627,2
-1.6766,0.89312,0.088437,0.4885,-1.614,0.45427,0.16175,-1.4579,-0.14003,0.29212,-0.48333,0.79591,0.82224,-1.3934,0.54261,-1.529,0.61692,0.91712,2
-0.4116,-0.099194,0.89269,0.98433,-1.44,-1.4983,-1.5069,-1.4133,0.56236,1.6464,1.0504,0.062113,-0.29504,-0.68872,0.7176,0.70001,-0.05583,0.31411,2
1.4931,-1.0953,0.7246,-0.5927,-1.7717,0.85758,0.036351,0.76378,-1.2089,-1.4602,0.64864,-0.053947,-0.24047,-1.6485,-1.3418,1.2564,-0.13853,-1.1011,2
0.35658,-1.0579,1.2155,0.17577,1.6288,0.63426,0.039537,-0.59629,-1.6738,1.7404,0.14693,1.3309,-1.3038,-0.9849,-1.1628,0.99655,-0.090772,-0.007317,2
-0.58118,-1.7618,0.74513,-0.2041,0.010821,-0.70037,0.33661,0.26386,-0.54532,0.063469,1.5237,-0.3902,0.031949,-1.1268,0.55605,0.2924,0.85293,0.24336,2
0.63511,-0.63368,1.7758,-1.1457,1.3588,1.06,-1.4723,-0.31021,0.71342,0.68028,1.7924,0.52935,1.1503,0.45629,0.29455,-0.29146,-1.3974,0.069844,2
-0.91101,0.80461,0.63989,1.6524,-1.2498,-1.0892,-1.3579,0.96998,-0.62924,-1.3598,1.2067,0.34075,-1.5699,0.83829,0.36061,1.4781,0.64374,-1.1242,2
-1.3677,-0.012037,1.6365,1.2114,0.079828,-0.24573,0.85872,-1.098,0.2223,-0.80818,1.0748,0.41691,-1.7076,1.0461,1.0386,0.12777,-1.1459,0.96997,2
1.0007,-1.4789,-1.0733,0.09009,-0.086793,-1.6516,-0.043243,1.0591,-1.3916,0.81404,0.31515,0.23795,0.53427,0.11147,0.19099,0.90767,0.54109,0.47619,2
0.33558,-1.7358,-1.6348,-0.0011659,1.0558,0.29196,1.2922,-1.2916,-1.11,0.51354,1.374,0.81228,1.5361,0.057119,1.6889,1.4111,-0.77345,-0.53051,2
1.5704,0.79317,-1.1651,-0.032904,-0.69105,-1.4583,-0.96095,0.86944,-1.0022,0.13016,-0.43739,1.4596,0.50669,0.93013,-0.56377,1.4208,-0.85171,-0.046334,1
0.88223,1.6085,-1.5425,-0.43822,-1.454,1.4337,1.3137,-0.25624,0.16811,-0.58082,-1.2015,-0.083034,0.52279,-1.6063,0.66527,-0.19922,0.70802,-1.2664,1
-0.60556,-0.9442,-1.4743,0.80495,-0.70181,1.0282,-0.095633,-1.4373,-1.1682,1.7475,-0.34814,-1.5243,0.40133,1.6347,0.41573,-1.3242,-0.81842,-1.2966,2
-0.25031,-0.71134,1.5299,0.79063,0.66951,0.1142,-0.6017,0.71807,-0.29697,0.095559,-1.3104,0.63122,1.6591,1.1001,-0.32008,0.2418,0.27228,-0.1447,2
-0.26733,-0.45743,-1.5001,-1.4312,-1.1486,1.2597,1.4925,0.0044076,0.4692,1.2681,0.60262,1.1335,-0.43185,-0.40998,0.17761,-0.51157,-0.22499,0.85718,2
-1.24,-0.048668,1.3236,0.19237,-0.39066,-0.67509,-0.064281,0.51275,-1.3614,0.27776,-1.1204,-0.64347,-0.45229,1.0443,0.1301,-1.473,-0.010591,-0.26585,2
-0.64438,0.74132,-1.0112,1.4205,1.2855,-1.3871,-0.53713,-0.94624,0.43913,0.91399,0.49352,-0.82042,0.35768,0.833,-1.2791,0.68451,-1.5788,-0.61788,2
1.1827,-0.41992,1.558,1.5537,0.93629,1.6296,1.2137,1.3676,-0.4343,0.90247,1.4634,0.21898,-0.64219,-1.4876,1.7129,1.1587,-1.4549,-1.4478,2
-1.516,0.96927,-0.46128,-0.69606,1.2924,0.93541,-1.3121,-1.6959,-1.1289,0.037117,1.1454,-0.55918,-0.22427,-0.38692,-0.23363,-0.75931,-0.12665,-1.1516,2
1.0514,-0.53447,-1.6624,0.33392,-1.161,-1.3334,0.94011,0.32776,-0.17486,0.70605,-1.4658,-0.43335,-1.4027,0.86012,1.5599,-1.0575,-0.15321,-0.65105,2
1.0739,0.27339,0.29789,-0.7619,0.86811,-0.96484,0.50214,-1.0476,1.5993,-0.39372,1.3645,-0.58442,0.26048,-0.083768,-0.92537,-1.7288,0.59771,0.078386,2
0.4515,0.41483,-1.2567,0.60189,-1.4907,-0.88894,-0.77947,-1.5198,-1.3842,1.3438,1.8314,1.3484,1.0326,0.10111,0.15469,0.41247,1.3182,0.45438,1
-0.81206,-1.2788,1.3763,0.27318,-0.31455,0.79757,0.12452,-0.17598,-1.6906,1.432,-0.24179,-1.3231,-0.79499,0.088239,-0.92066,-0.020956,1.5147,0.36618,2
-0.89743,-1.601,1.4355,-0.44469,-1.061,-1.1491,1.4105,1.1492,0.48137,0.57057,0.72102,0.74125,-1.0287,-0.34611,-0.80225,1.322,-1.4186,1.7069,2
0.86278,-0.5841,1.8173,0.1016,-0.026634,0.55692,-1.231,-0.76773,-0.11257,-0.61774,0.8988,0.66626,1.0566,-1.3674,-1.315,1.5881,0.52341,0.9314,2
1.2225,-0.40104,1.0604,1.1935,-0.99897,1.3761,0.61258,-0.46197,0.13525,1.2404,-1.2338,-0.23756,-0.21354,0.02321,0.39252,-0.66336,-1.1814,-0.43002,2
-0.20558,-1.1151,1.3555,1.3196,0.43345,-0.33388,1.4383,-1.0294,1.4454,0.75489,-0.76755,-0.63229,-1.7511,-0.19819,-1.5369,-0.21688,-0.6587,0.98874,2
-1.0915,1.4148,-1.6763,1.2801,1.3276,-0.38843,-1.6475,1.3334,0.26514,-0.36385,-1.2561,1.6153,-0.69065,-1.1509,0.74603,-0.13515,0.036055,0.72682,2
0.27691,0.95325,-0.27245,0.47837,-1.2978,-0.049629,0.30405,-0.60616,0.8672,0.34718,1.5834,1.4927,-1.1827,-0.74487,0.58402,-1.2098,1.2599,1.5757,2
-0.92796,-0.08675,-0.11013,0.037403,0.77793,-0.65814,0.96214,1.2769,1.5053,-0.41235,0.51236,-0.8558,-0.07349,0.47249,-0.5358,0.56445,0.13454,1.3741,2
-0.70097,1.153,1.661,0.86744,0.67416,-0.72323,-1.6901,-0.47896,0.62653,-0.31301,1.0194,-0.70768,-1.1941,-0.47408,-0.056423,-1.1066,-0.59439,1.249,2
-0.75487,-0.76663,0.28779,-0.36131,-0.58886,-1.1308,1.1546,0.93058,-0.74324,-0.56575,1.2411,-1.399,-0.39654,0.13769,0.054214,1.6437,-1.3487,-1.3704,2
1.6316,-1.2984,-1.2799,-1.0564,0.22763,-0.5078,0.08737,-1.2095,0.058849,-1.4357,-1.3649,0.57485,-0.84645,-0.71111,1.19,1.5097,1.4062,1.4017,2
-0.50046,1.4341,1.7363,-0.1822,-0.12715,-0.17672,1.063,-0.55243,-0.39301,-0.22162,0.54353,-0.48231,-0.86814,-1.2103,-0.70262,-0.90602,-0.32901,-0.78152,2
0.67851,-1.1807,-0.52752,-1.6113,-0.77543,-0.21444,-0.45758,-1.3991,-0.6583,0.12431,1.1114,-0.20421,-0.76536,0.35498,0.48831,-1.2838,-0.3897,0.26151,2
-0.17858,-1.5705,-0.14749,0.073837,1.0092,-0.2321,-0.20627,-0.41469,1.3476,-1.5518,1.5319,-0.98187,-0.42736,1.4644,-0.96621,0.53567,-1.6061,-0.48041,2
1.0544,1.1466,-1.4462,0.30164,1.2403,-0.55043,-0.36674,-1.0913,0.06924,0.84637,-1.6834,0.51915,-0.99466,1.154,-1.5419,-0.60074,-0.84932,0.24635,2
0.9243,-1.6596,-1.3451,0.063658,0.0059219,-0.29532,-0.78363,-0.63415,-0.64731,-0.34908,0.79166,0.93658,0.012121,-0.40408,-1.3321,0.19243,-1.3772,-1.1467,2
-0.20703,1.3169,1.7909,-0.017685,-0.35986,-1.6104,1.0786,-0.9069,-0.071157,1.6796,-0.40299,0.073388,1.5362,1.3762,0.9579,0.62465,0.89044,-1.6459,2
0.86951,1.3418,0.045889,0.53663,0.66311,-0.93614,0.86408,1.0132,1.2891,-0.8185,0.54412,0.88519,0.80292,0.55659,-0.61549,-1.1048,0.59367,0.12508,2
-1.3654,-0.88368,1.0701,0.031748,1.0338,0.78952,1.0473,0.39603,-1.6794,-0.79919,1.784,1.0685,-1.3661,-0.24664,-0.015045,0.71485,1.0971,0.52929,2
0.55651,-1.7002,-0.48522,-0.39029,0.87251,-0.85864,0.35743,0.69711,-1.7573,-0.43672,1.7906,-1.1727,-0.0014446,0.6527,1.3311,1.395,-0.98652,0.3294,2
1.4305,1.2247,0.021513,1.4993,-1.2136,1.5909,0.26021,-0.091313,1.0745,-1.1217,1.1029,-0.77836,-0.70797,0.28976,-0.25801,0.068372,1.0145,0.94374,2
1.3143,0.51148,0.66172,-0.037279,0.60874,-1.6933,-0.090722,-0.031225,-1.1797,-0.35324,0.85702,0.44474,-0.1888,0.99703,-0.82529,-1.264,0.034068,1.2999,2
1.3486,-0.54087,-1.4723,-0.81902,-0.94693,-1.2622,-0.83766,1.2143,-1.5117,0.43678,0.39709,-0.24198,0.13108,-1.1853,0.55528,1.1971,1.5623,0.22855,2
-1.6031,-0.49926,-0.10095,0.78934,-0.12947,0.18081,-1.4356,0.31453,0.98624,-0.47227,0.87072,0.16795,1.612,0.082241,1.6092,1.4872,-1.561,1.321,2
-0.43559,-0.81241,-0.96336,1.3952,0.27537,0.49882,-1.1655,-0.18723,-1.0938,1.3344,1.5159,-0.90525,-0.21113,0.82658,-1.5129,0.1356,-1.4541,0.8976,2
-0.92999,0.92327,-0.77494,-1.3922,1.5287,-1.0758,-0.56586,0.41249,-0.81382,0.18264,-0.93555,0.41636,1.0437,-1.5187,0.40553,-1.3489,-1.2157,-1.3974,2
-0.11505,1.601,1.4287,0.81852,-0.52717,0.0073371,-1.4904,0.47628,0.63535,-1.4797,-1.0873,-0.47031,0.154,0.59618,1.6527,-0.40163,1.07,-0.64372,2
1.1786,0.35355,1.2687,-0.177,1.6164,-0.78707,1.3041,-1.3586,-0.3289,0.29505,1.751,0.19447,-1.7615,-1.0456,-0.2999,0.097383,-0.8562,-1.0719,1
-1.3293,1.556,0.74842,0.39008,-0.23821,-0.87054,1.1814,-0.40881,1.5389,1.7634,1.7298,0.65416,0.78985,-0.11143,0.011647,-0.77907,0.10682,-0.55698,2
1.5994,-1.6317,0.98612,-0.88447,0.68602,-1.5169,0.61292,-0.73884,-0.43537,1.7144,1.6967,1.0402,0.32749,-1.0234,-1.2461,-0.61727,0.34291,1.6912,2
-0.23386,-1.0887,1.7405,1.0788,-1.0395,1.2087,0.91912,0.77831,0.30146,-0.25559,0.21773,-0.82587,-1.4862,-1.4928,0.57702,-0.4531,-0.066385,-0.14173,2
-0.96038,1.35,-0.63906,-1.2506,0.25538,1.12,1.5318,1.3753,-0.080185,-0.98602,-0.037655,-0.11731,-0.95784,-1.2848,-0.63381,-0.36765,-0.37467,-0.43993,2
1.1384,-1.471,1.4471,-0.59773,-1.3175,-0.66339,-1.1853,1.0342,-1.2859,0.73706,1.4575,-0.43534,0.55857,1.6162,-1.668,-1.5283,1.1507,-0.72456,2
-0.9221,-0.45343,-0.7314,-1.5835,1.1414,1.4934,0.48171,1.5361,-1.404,1.5336,0.81207,0.82362,-1.7214,-0.59619,1.1535,0.39703,0.65837,0.9691,2
-1.3895,0.63992,-0.27469,1.2002,1.2991,0.15504,-0.4359,0.63735,0.44302,1.2934,1.8181,1.1791,0.6006,1.256,-1.0634,-0.26579,-1.2685,0.10095,2
-0.62014,-1.0645,-0.046494,-0.69003,0.84683,-1.727,0.10345,0.082569,-0.28763,0.93777,-1.5601,-0.52571,0.42198,0.060009,1.4182,-0.49745,0.82776,-1.2331,2
-1.6722,1.6785,0.44849,-1.4163,-0.23099,0.8849,-1.1997,-0.55378,0.25713,0.75822,-1.2067,-1.5286,0.60591,-1.3657,-0.38171,-0.096737,-0.2741,1.1077,2
1.1178,0.55989,-1.4039,0.62139,-0.78515,0.95111,-0.33401,-0.23598,-1.4202,1.1416,-1.0473,-1.4656,-0.84207,-1.2327,-0.69881,0.26273,1.4762,0.58002,2
0.7786,-1.4182,0.33081,1.1526,1.1631,0.39055,0.23717,-1.5908,-0.41321,1.3603,-1.2592,-0.33103,-1.6434,-0.66549,0.78392,-0.06672,-1.3303,0.99265,2
0.69536,0.82871,1.8386,-1.3776,-1.5885,-1.6713,1.2195,-1.0228,-1.4882,-0.31873,-0.25649,1.1529,-0.58842,1.6423,-0.29263,-0.9812,0.78763,1.5722,2
-1.2107,-0.018045,0.63093,-0.24426,1.4884,1.1043,-0.50936,-1.4613,-0.60079,-0.8355,1.0493,0.096558,-0.27061,0.43724,0.98541,-1.6428,0.3815,-0.54458,2
0.7561,0.417,1.4869,-0.57137,-1.0972,-0.91612,-1.716,-0.1747,-0.27034,1.3846,1.6816,-1.0823,-1.3861,-0.74637,-1.3816,0.43308,-0.5243,-1.3229,2
-1.1563,-1.1108,0.91721,-0.73231,-1.1306,-1.2865,-0.30384,0.37928,0.16741,0.47909,0.75088,0.75852,-0.89164,-0.043672,-1.6708,1.4407,0.70727,-0.77397,2
-1.7134,0.32997,-1.5063,-1.169,-0.48866,0.69296,1.4387,-0.50046,0.99432,-1.3212,0.92085,1.3119,1.2972,0.048555,-0.97739,-0.5185,0.094436,-0.85469,2
0.38039,-0.63665,0.85063,0.5825,0.5085,0.40015,1.2459,-0.3504,-0.54309,0.26841,-0.33192,-0.87386,-0.67764,-0.25569,0.46074,1.6272,-1.0397,-0.024596,2
-0.86316,1.0288,-0.94187,1.0401,0.11695,-1.3101,-1.36,-0.055702,1.4246,0.58771,0.76499,0.25188,1.2371,-0.88542,0.80215,-1.3086,-1.3874,-1.6317,2
-1.6286,-1.777,-0.21025,0.81635,0.88981,-1.7035,-0.772,0.30491,-1.5542,-0.61261,-0.45973,0.379,0.21059,-1.575,0.47229,-0.57206,-0.12508,-1.0825,2
-1.1877,-0.28509,-0.7133,0.099756,-0.97226,0.74034,-0.82623,0.62317,-0.65871,1.5787,-1.5368,0.63572,-1.4695,1.4539,0.21463,1.5175,0.92019,1.2607,2
-1.4449,0.31437,1.4107,0.88002,-1.4562,-1.6444,0.80063,-1.5085,1.6433,1.2853,-0.38417,0.68535,1.2563,1.4681,0.73715,-0.8182,-1.0833,1.0549,2
1.6708,-0.96214,-0.83562,0.33696,0.3721,-0.62685,0.73054,1.1928,0.69362,-1.2978,-0.48108,0.39337,-0.75268,-0.29696,-1.5876,1.3212,-1.4834,1.4557,2
-1.5804,-1.248,0.68398,0.49365,-0.58901,0.53168,-1.5094,-1.6072,-1.6159,-0.03607,0.3655,-0.97977,-1.5274,0.11169,-1.0067,-1.1755,0.47708,1.5449,2
0.5931,0.46812,1.3554,0.64843,-0.033655,-1.6364,0.46484,1.2779,0.39057,-0.17774,0.028879,-0.54576,-1.3549,0.89878,1.4035,0.76666,-1.2328,0.74744,2
-0.26206,-1.5371,-0.29301,0.11888,-1.7644,0.48343,1.2865,-0.94334,0.94442,-1.3541,1.866,-1.4213,-0.074539,-0.94294,0.6211,-1.4658,-0.62548,-1.3014,2
-1.6534,1.0703,1.3751,-1.0067,-0.1517,-0.47084,1.5151,0.97285,0.23356,-0.85994,1.2295,-0.62946,-1.0492,0.61052,1.5666,0.018281,1.4945,-0.37689,2
-0.64787,-0.076288,0.71856,-0.9276,-1.2485,0.089868,-1.2147,1.6462,-0.88938,1.131,-0.94864,-1.4413,0.24358,1.0451,-0.16813,-1.5853,-1.6941,-1.0375,2
0.49691,1.6235,-1.3855,-1.1206,-1.6382,-0.57372,-1.3109,0.89122,-1.1061,-1.1572,-0.79157,0.7044,-0.86202,-0.90514,1.4771,0.37399,-0.72714,1.6356,2
0.30594,1.5965,0.10817,0.5445,-1.3534,1.6595,-0.012542,-1.4883,-1.3398,-0.62862,-1.3804,0.13556,-0.80703,-0.22105,-1.457,-1.6247,0.19224,1.0714,2
-1.1617,-1.3609,0.40576,0.39479,0.99463,-0.13031,-0.40649,1.4004,0.77754,1.0926,-1.6449,0.92028,1.5608,-1.3843,-1.0853,-0.85789,-0.53112,0.18653,2
0.26036,0.91067,-0.5206,-1.5539,-0.70847,0.59892,-1.1226,-0.83456,-0.48736,-0.53308,1.585,0.15537,-0.11613,-0.34777,0.84953,-0.90122,-1.437,-0.32852,1
0.14847,-1.4823,-1.4295,0.26019,-1.5199,-1.5533,1.3777,-1.5574,-1.2044,-0.14915,1.172,0.46824,0.37124,-1.3606,-0.65567,-0.30128,-0.61417,-0.79169,2
0.26533,-0.99597,1.7041,-1.0636,0.13839,0.85491,-1.2362,-0.1455,1.6337,1.1014,1.4437,-1.0843,1.4119,-1.6362,-0.78454,1.3261,0.40654,1.0907,2
-0.83551,-0.65264,1.8047,1.28,-1.6057,1.639,1.7609,-1.4142,-1.2515,0.71607,-0.65137,-1.4172,-1.5615,0.92179,-0.74797,-1.2102,1.2172,-1.2802,2
-1.4865,0.67117,-0.23375,-0.52498,-0.66641,0.77583,-1.0443,0.1664,-0.61277,-0.569,1.2731,0.12281,-0.43227,1.1349,-1.3023,-0.089336,0.065234,-0.48006,2
-0.73669,-0.28815,0.69808,-0.19564,-1.7426,0.35836,-1.0044,-1.2496,-0.0029869,1.6358,0.92506,0.79773,0.19337,1.2225,1.6571,-0.70926,-0.26071,-0.38695,2
1.6529,-0.21625,-0.88666,0.42634,1.2846,1.5103,-0.74869,1.0892,-0.023739,0.18926,1.6233,-1.2032,0.23847,1.2499,-0.99254,0.9492,0.85394,-1.4725,2
1.4268,1.1648,0.14219,-1.3673,-0.60695,1.3431,1.695,0.55931,-0.86848,1.0723,-0.42736,-1.5491,1.6428,-0.55172,0.055315,1.0537,0.30219,-1.216,1
-1.7532,0.94287,1.3848,0.68581,1.6395,-0.30897,0.75627,-1.1367,-0.85376,0.94545,-0.1269,0.6167,1.0726,1.6311,-1.3191,-0.48169,-1.0344,0.1464,2
0.34888,-1.6733,0.42498,0.98649,-1.2719,-0.456,-0.11446,-0.28704,-1.5757,-0.015857,-0.59256,-0.92206,-0.16924,0.26182,1.6278,-0.13885,0.87184,0.9276,2
