-0.4935,-1.1358,-0.29973,1.6315,0.30677,1.6083,-0.84686,0.18757,-0.97882,-1.3031,1
-0.1675,-1.0685,-0.33213,1.0929,0.17229,2.0805,-0.79465,0.15564,-0.5701,-0.72069,2
1.0937,-0.72538,-1.523,-0.49176,-0.44047,1.5033,-1.2458,0.43462,-0.87381,0.063539,3
0.91917,0.063505,-1.4177,0.63362,-0.92014,0.73316,-1.2207,-0.30654,0.28613,-1.2691,4
0.59421,0.17472,-0.53736,0.69867,-1.7242,0.27632,0.78639,-0.95358,0.88064,-0.55634,5
0.32882,0.15403,-0.41449,0.39033,-1.6618,0.41677,0.41671,-1.1149,0.81763,-0.50096,6
-0.32945,0.67995,0.020255,0.68045,-2.2261,0.48931,0.63601,0.054799,1.0422,-0.50275,7
-0.80905,0.49114,0.77229,1.6211,-1.9765,0.012408,-0.94502,0.9657,1.3621,-0.38663,8
-0.72441,0.32819,-0.66292,0.21209,-0.3961,1.6885,-1.1058,0.85814,0.16335,-0.62422,9
-0.5029,0.066091,-1.2556,1.37,0.62978,1.5311,-1.0098,0.47832,0.53007,-1.3424,10
0.14074,0.0031531,-0.93565,0.27584,-0.61653,1.2363,-1.2374,0.43966,0.40406,-1.3191,11
-0.50812,-1.1746,-0.20522,1.5352,0.23191,1.8212,-0.77376,0.20101,-0.85443,-1.3013,1
-0.073459,-1.1202,-0.55626,1.0903,0.1917,2.0527,-0.86148,0.56067,-0.81727,-0.43308,2
1.078,-0.67365,-1.5986,-0.52559,-0.43631,1.5666,-1.3481,0.4968,-1.0257,0.10284,3
0.9014,0.041951,-1.4285,0.59328,-0.79259,0.34115,-0.65054,-0.70485,0.62539,-1.2066,4
0.65481,0.35233,-0.77768,0.53084,-1.6327,0.6776,0.35615,-0.78047,0.93233,-0.97972,5
0.35598,0.23076,-0.39154,0.3591,-1.7741,0.54641,0.47519,-1.1334,0.84671,-0.6671,6
-0.43394,0.55063,0.12152,0.82877,-2.1678,0.055623,0.67152,-0.10486,1.1036,-0.3116,7
-0.8195,0.44372,0.77634,1.6224,-2.1027,-0.027719,-0.93876,1.0548,1.3992,-0.37234,8
-0.64396,0.20576,-1.0153,0.1054,-0.36144,1.4184,-0.31637,0.18589,1.0664,-0.88504,9
-0.52902,0.065229,-1.2921,1.4259,0.60067,1.5234,-0.98262,0.55058,0.32651,-1.1584,10
0.2306,-0.074442,-0.97075,0.34219,-0.72051,1.1036,-1.2103,0.81444,0.32005,-1.3531,11
-0.52066,-1.2056,-0.26058,1.6471,0.27072,1.6993,-0.78629,0.25647,-0.65895,-1.3513,1
0.0017711,-1.1444,-0.70612,0.88731,0.12655,2.062,-0.48554,0.51361,-0.3617,-0.60815,2
1.1093,-0.60381,-1.6971,-0.38248,-0.2339,1.4956,-1.392,0.49176,-0.94813,-0.11867,3
0.89304,0.0091883,-1.4339,0.64272,-0.8328,0.5495,-1.0557,-0.35191,0.48645,-1.362,4
0.55555,0.35492,-0.91945,0.50221,-1.4109,0.78718,-0.18479,-0.50317,0.6577,-1.0726,5
0.29224,0.34112,-0.51575,0.20428,-1.6189,0.35967,0.89917,-1.3435,0.76755,-0.56706,6
-0.48932,0.44372,0.07291,0.63362,-1.8074,-0.72224,1.3524,-0.22923,0.98726,0.14571,7
-0.85607,0.50838,0.74258,1.4415,-2.2524,-0.013829,-0.75496,0.98419,1.3475,-0.28659,8
-0.56977,0.06954,-0.97615,0.15875,-0.52365,1.7178,-0.76123,0.84469,0.69001,-0.49024,9
-0.59903,0.083335,-1.2637,1.3817,0.6076,1.6314,-1.1142,0.48672,0.16012,-0.78143,10
0.3215,-0.093409,-0.9343,0.31747,-0.77457,1.2425,-1.3063,0.9052,0.10357,-1.1476,11
-0.47782,-1.2332,-0.35104,1.6042,0.27072,1.6823,-0.60668,0.24135,-0.49901,-1.3549,1
0.10939,-1.1935,-0.84114,0.69736,0.047524,2.1685,-0.4751,0.6363,-0.14522,-0.38306,2
1.1344,-0.59088,-1.7957,-0.14829,-0.17845,1.3505,-1.2395,0.53378,-0.9659,-0.15619,3
0.91708,0.094543,-1.577,0.60109,-0.67476,0.70847,-1.1831,-0.37208,0.32005,-1.3031,4
0.46256,0.28594,-0.937,0.51783,-1.0643,0.90293,-0.61294,-0.41242,0.42021,-1.0083,5
0.1585,0.4282,-0.60891,0.063772,-1.3055,-0.06013,1.2375,-1.4611,0.48968,-0.12761,6
-0.40991,0.33681,0.004053,0.68696,-1.9072,-0.36417,1.1038,-0.162,1.1488,-0.059722,7
-0.94801,0.47045,0.81009,1.3414,-1.6965,-0.97535,0.42716,-0.27797,1.6852,0.37437,8
-0.47155,-0.13738,-0.9343,0.2264,-0.4876,1.6175,-0.84477,1.1237,0.81279,-0.54205,9
-0.54365,0.041951,-1.5459,1.4025,0.71019,1.2949,-0.50643,0.039673,0.76594,-1.1244,10
0.49808,-0.071855,-1.0977,0.19387,-0.79675,1.3335,-1.275,0.98755,-0.056363,-0.81537,11
-0.44543,-1.2461,-0.45095,1.5378,0.29706,1.6623,-0.32263,0.12707,-0.3617,-1.5031,1
0.12611,-1.1625,-0.96805,0.53994,0.0045476,2.15,-0.42497,0.66151,-0.20337,-0.20263,2
0.9526,-0.71848,-1.7214,-0.09235,-0.18677,1.3397,-1.3189,0.57747,-0.99659,-0.059722,3
0.90663,0.097129,-1.6836,0.70257,-0.65396,0.7131,-1.3043,-0.17545,0.024413,-1.2048,4
0.26717,0.1661,-0.92215,0.4866,-0.72328,0.81187,-0.47092,-0.78047,0.38629,-0.81179,5
0.081181,0.52045,-0.70882,-0.080641,-1.081,-0.06476,1.2125,-1.4578,0.3039,0.081403,6
-0.30542,0.30232,-0.19847,0.53604,-2.0126,0.023212,0.91797,-0.029233,1.1973,-0.22586,7
-1.088,0.61357,0.67103,1.0486,-2.355,6.1384e-05,-0.14093,0.67663,1.4121,-0.38842,8
-0.39319,-0.29688,-1.0423,0.2264,-0.52642,1.5342,-0.82806,1.2447,0.72555,-0.16691,9
-0.54052,0.033329,-1.7282,1.4129,0.67831,1.2471,-0.43959,0.22958,0.82894,-1.4906,10
0.5963,-0.15117,-1.0815,0.17045,-0.97836,1.0912,-1.1852,0.98923,0.19081,-0.8368,11
-0.45693,-1.2935,-0.52385,1.6406,0.32756,1.6314,-0.237,0.11866,-0.41339,-1.6407,1
-0.0044981,-1.0737,-0.9181,0.50221,0.0017749,2.2055,-0.47928,0.48672,-0.45701,-0.18298,2
0.90349,-0.76331,-1.6175,-0.091049,-0.13686,1.3984,-1.3251,0.67495,-0.99982,0.0081606,3
0.83453,-0.0071929,-1.496,0.82877,-0.59574,0.5495,-1.2312,-0.12167,-0.01759,-1.1637,4
0.026848,0.11868,-0.92215,0.54124,-0.51256,0.98627,-0.77585,-0.67459,0.080956,-0.8636,5
0.10626,0.5489,-0.74798,-0.037707,-1.2556,0.42449,0.64645,-1.3805,0.54138,-0.12582,6
-0.32005,0.38164,-0.50225,0.23551,-1.831,0.29948,0.84487,-0.11158,1.1213,-0.3259,7
-1.1194,0.60494,0.65347,0.82356,-2.4091,-0.047783,0.21412,0.68167,1.3459,-0.37234,8
-0.39632,-0.41155,-1.0518,0.38772,-0.43353,1.7734,-0.86566,1.5388,-0.014359,0.1743,9
-0.73382,0.10748,-1.6175,1.4142,0.60067,1.4601,-1.0662,0.74722,0.26189,-1.6371,10
0.52316,-0.18911,-1.0126,0.28104,-0.93816,1.011,-1.2353,0.92032,0.22312,-1.1191,11
-0.97727,-1.316,1.1638,-0.13268,1.9052,1.3104,1.3482,-0.64098,-0.83343,-1.0422,1
1.8752,-1.522,-0.74933,-1.1878,-0.11329,0.85818,1.3294,0.68167,1.3346,0.22789,2
1.4113,-1.1013,-0.67372,-1.1267,0.65751,0.25472,0.26425,0.074966,0.045415,-0.32411,3
1.2671,-0.121,-1.5459,-0.20163,0.35113,-0.86886,0.034509,-0.162,0.12619,-0.72605,4
0.5357,0.56442,0.59407,-0.59194,-0.934,-0.43363,-0.2558,-0.22923,1.2215,-0.53133,5
0.88364,-0.37275,1.0369,-0.7936,0.15427,-0.90127,-0.23283,-1.1771,1.8096,0.19037,6
0.026848,1.3611,-0.73988,-1.1956,0.27627,-1.3843,0.24963,0.35899,1.3168,-0.29017,7
-0.80905,1.3947,1.261,-1.3413,-1.013,-0.74693,0.5838,0.49344,0.30713,1.3087,8
-1.0389,1.036,0.81684,-0.24587,-0.8023,0.08649,0.14729,-0.30318,1.3459,1.6213,9
-1.414,0.42734,0.48606,-0.01559,-0.19231,1.0202,0.37703,-0.29477,0.69324,1.5248,10
0.082226,-0.2986,0.66968,-0.96403,0.083569,0.50166,0.057483,-0.82753,0.59631,-0.088305,11
-1.158,-1.3565,1.5878,0.17826,1.8428,1.0557,1.4485,-0.5788,-0.90289,-1.019,1
1.5774,-1.4479,-0.80468,-1.0993,0.10159,1.136,1.296,0.64302,0.91456,-0.13296,2
1.5231,-1.0771,-0.68182,-1.1332,0.5674,0.31028,0.26634,0.24639,0.063186,-0.42415,3
1.2692,-0.22963,-1.2516,-0.5464,0.32618,-0.64044,-0.13466,-0.13679,0.27482,-0.58135,4
0.51898,0.82825,0.29298,-0.71944,-0.86607,-0.15273,-0.32263,0.051437,0.89356,-0.70997,5
0.75826,-0.27619,1.126,-1.1188,0.28043,-1.0247,-0.036502,-0.99559,1.7126,0.10463,6
0.021624,1.1559,-0.31728,-0.72464,-0.42106,-0.99541,-0.59415,0.098495,2.0196,-0.47774,7
-0.7683,1.5956,1.0558,-1.5534,-0.96727,-0.50925,0.92632,0.66319,0.13427,1.1068,8
-1.1497,1.099,0.83709,-0.64658,-0.60683,-0.081737,0.17026,-0.1536,0.98241,1.3944,9
-1.5499,0.62046,0.62242,0.20298,-0.56939,1.3104,0.22666,-0.64098,1.0503,0.64769,10
0.14283,-0.47449,1.0288,-0.84043,-0.27965,0.58654,0.70076,-0.93173,0.07611,0.28505,11
-1.3649,-1.1746,1.7633,0.51262,1.6182,1.0604,1.3273,-1.0645,-1.0063,-0.969,1
1.3695,-1.4418,-0.76013,-0.99265,0.32895,1.3521,1.1582,0.601,0.68193,-0.40271,2
1.2441,-1.1608,-0.67372,-1.0083,0.44956,0.56185,0.22874,0.10186,-0.088673,-0.46523,3
1.3089,-0.22618,-1.207,-0.69992,0.24438,-0.51234,-0.026059,-0.31662,0.4186,-0.64387,4
0.48764,0.94378,0.079661,-0.64138,-0.78844,-0.22373,-0.38738,0.17076,0.70616,-0.78679,5
0.64019,-0.53311,1.1719,-0.71163,-0.35451,-0.87194,0.26634,-1.251,1.4994,0.28148,6
0.11775,1.18,-0.087757,-0.7936,-0.78012,-0.44134,-0.59832,0.069924,1.8742,-0.39914,7
-0.70352,1.7327,0.76824,-1.5365,-0.93816,-0.39504,1.4965,0.76907,-0.043438,0.89779,8
-1.2082,0.96361,1.1247,-0.4111,-0.97975,-0.23762,0.21204,-0.25108,0.64477,1.3194,9
-1.577,0.69116,0.70613,0.26673,-0.75378,1.4014,0.065837,-0.57376,0.84348,0.64412,10
0.25567,-0.18911,0.60217,-1.1423,-0.10359,0.92454,0.76341,-0.99559,-0.12583,0.092121,11
-1.3691,-1.2841,2.0725,0.75851,1.4852,0.72853,0.84904,-1.1452,-1.4974,-0.77785,1
1.3288,-1.5065,-0.70477,-0.88076,0.31647,1.4261,0.98062,0.65814,0.50422,-0.32054,2
1.2765,-1.1927,-0.81684,-0.97964,0.37331,0.52789,0.14729,0.15396,-0.01759,-0.28838,3
1.311,-0.15635,-1.3596,-0.70513,0.37609,-0.4861,-0.11378,-0.42754,0.38952,-0.69568,4
0.46256,1.0886,-0.15121,-0.78319,-0.76903,-0.057043,-0.20359,-0.029233,0.66577,-0.97436,5
0.81677,-0.42621,0.97211,-0.73505,-0.41967,-0.65587,-0.1639,-1.0191,1.6351,0.30828,6
0.078047,1.1024,0.19037,-0.70383,-0.78566,-0.60185,-0.5106,-0.084693,1.9808,-0.013276,7
-0.78397,1.518,1.1571,-1.3738,-1.0546,-0.87657,1.2271,0.94049,-0.09675,0.94959,8
-1.1131,1.1205,1.1827,-0.036406,-1.3652,-0.0555,0.24128,-0.31158,0.64154,1.021,9
-1.6637,0.82825,0.74528,0.2238,-0.55137,0.8165,0.39165,-0.81241,1.0293,0.69771,10
0.23164,-0.0097794,0.18362,-0.99395,-0.080019,1.1962,-0.0072625,-0.87291,0.46706,-0.85645,11
-1.1988,-1.5875,2.0144,0.8678,1.4921,0.27478,0.29349,-1.0258,-1.7349,-0.64745,1
1.1668,-1.4401,-0.66157,-0.73115,0.65335,1.5064,0.7843,0.70184,0.38629,-0.55277,2
1.4238,-1.1246,-0.74528,-1.2385,0.40936,0.40597,0.13894,0.3674,-0.011128,-0.23122,3
1.242,-0.16669,-1.4028,-0.80791,0.50501,-0.40893,-0.16808,-0.53846,0.31521,-0.52954,4
0.43748,1.2774,-0.71287,-0.96012,-0.5583,0.28713,-0.10334,-0.3267,0.50261,-1.3227,5
0.85229,-0.17704,0.72098,-0.78059,-0.050906,-0.70989,-0.44795,-0.64602,1.8031,0.083189,6
0.064463,1.0179,0.32539,-0.64268,-0.70387,-0.8704,-0.51478,-0.27124,2.1666,0.034957,7
-0.85502,1.6197,1.3934,-1.2294,-0.99223,-1.1714,0.69031,0.78587,0.16658,1.3122,8
-1.0379,1.374,0.97616,-0.17041,-1.2445,0.16675,0.97227,-0.49813,0.89518,0.42439,9
-1.7902,1.1455,0.68588,-0.11837,-0.25747,0.48159,0.48564,-0.55863,0.58338,0.94602,10
0.088495,-0.088236,0.44555,-0.87426,-0.13131,0.91219,-0.21612,-0.82249,0.57207,-0.85645,11
-1.0358,-1.791,1.82,0.73509,1.316,0.57111,0.78848,-1.2527,-2.0224,-0.73855,1
0.75826,-1.3315,-0.49415,-0.35125,1.1095,1.6221,0.78848,0.57747,0.42506,-0.85645,2
1.5618,-1.2134,-0.5198,-1.4337,0.036433,0.39362,0.33944,0.4447,0.23281,-0.043645,3
1.1658,-0.19601,-1.6107,-0.75847,0.39827,-0.3688,-0.080362,-0.5183,0.19566,-0.38127,4
0.39569,1.2576,-0.937,-1.0902,-0.2644,-0.35183,0.55038,-0.56367,0.60923,-1.3817,5
0.7081,0.032467,0.36184,-0.88076,0.050297,-0.69754,-0.42497,-0.35359,1.7062,-0.35805,6
0.10626,1.2102,-0.017549,-0.97053,-0.51256,-0.97226,0.10552,-0.24099,2.047,-0.44022,7
-0.83203,1.8991,1.234,-1.4168,-0.90489,-1.0016,0.46684,0.79091,0.38144,1.5766,8
-1.0128,1.5921,0.055359,-0.73245,-0.41274,0.6884,0.98898,-0.43763,0.92587,0.20109,9
-1.8571,1.3705,0.62512,-0.58023,-0.28242,0.7131,0.66734,-0.20402,-0.29869,0.81382,10
0.11357,-0.049439,0.13097,-1.0148,0.59235,0.1652,-0.39782,-0.32166,0.75947,-0.90826,11
2.0528,-1.7143,-2.7529,0.36951,0.030888,2.4448,0.63183,1.0363,-1.8044,-1.1101,1
2.1835,-1.0556,-2.1035,-0.2862,-0.26995,2.1253,0.14938,1.6615,-0.64764,0.10284,2
1.4615,-0.81849,-1.3771,0.71818,0.058615,1.7271,-0.39364,1.1069,-0.68318,0.043888,3
1.4938,0.046261,-0.80738,0.71037,-0.53474,0.70384,-0.088716,0.8531,-0.29707,0.16358,4
0.76766,0.33681,0.31054,1.167,-1.081,-0.27003,-0.8573,1.527,0.3249,0.55301,5
1.0884,0.18679,0.044557,1.2139,-0.82587,-0.10026,-0.75496,1.3976,-0.1646,0.4101,6
0.58481,0.57822,0.48606,1.3804,-1.5079,-0.6497,-1.1372,1.9052,0.48645,1.0836,7
-0.6753,1.6982,0.3929,1.3479,-1.544,-1.4677,-1.25,1.6716,0.90164,-0.025781,8
0.12193,-0.11669,-0.32133,1.3245,-1.0532,-0.96917,0.5838,0.52033,1.3992,0.96924,9
-0.84144,0.46872,-0.23222,0.55816,-0.97143,0.20687,1.461,-0.1973,2.5478,0.45655,10
0.19612,0.051434,-0.56976,1.1735,-0.74962,1.1391,-0.47928,1.4598,0.21504,-0.73498,11
1.9525,-1.7505,-2.68,0.55946,0.15427,2.5729,0.55874,0.83629,-2.1016,-0.85288,1
2.2514,-1.0513,-2.1508,-0.26669,-0.33926,2.1361,0.049128,1.6749,-0.67672,0.23503,2
1.7404,-0.7659,-1.581,0.51392,-0.13686,1.5913,-0.37276,1.1926,-0.55717,0.059966,3
1.5597,-0.020988,-0.79928,0.79494,-0.66505,0.69612,-0.36441,0.88839,-0.15006,0.1868,4
0.89722,0.24801,0.33079,1.2594,-1.1558,-0.31787,-1.0411,1.6564,0.36044,0.8692,5
1.0571,0.25146,0.074261,1.0786,-0.90905,0.094207,-0.55029,1.448,-0.20661,0.46726,6
0.53779,0.36268,0.53331,1.5209,-1.2043,-0.80712,-1.3105,1.6464,0.648,1.2265,7
-0.69725,1.7361,0.35779,1.2919,-1.6577,-1.3365,-0.73408,1.3001,1.1197,-0.034713,8
-0.17063,-0.1779,-0.14041,1.9489,-0.63178,-0.87812,0.065837,0.159,1.0729,0.84062,9
-1.0483,0.4282,0.079661,0.89252,-0.86191,-0.023089,1.0976,-0.33511,2.3815,0.22967,10
0.31314,-0.29688,-0.4982,1.3921,-0.68446,0.86126,-0.92831,1.2464,0.70778,-0.66352,11
1.8533,-1.7591,-2.487,0.7481,0.18754,2.6886,0.72164,0.63462,-2.0241,-1.1994,1
2.3256,-1.0314,-2.1224,-0.27449,-0.40165,2.025,0.021977,1.8262,-0.58787,0.34936,2
1.917,-0.76504,-1.6431,0.57897,-0.1022,1.4462,-0.36858,1.1489,-0.44086,0.061752,3
1.6683,-0.069269,-0.79928,0.82617,-0.73991,0.58037,-0.51896,0.90352,-0.0078971,0.26719,4
0.98186,0.22214,0.39425,1.3388,-1.1101,-0.39041,-1.181,1.5875,0.41214,0.81025,5
1.1741,0.18507,0.017554,1.0616,-0.91459,-0.04161,-0.53149,1.3775,-0.024052,0.69771,6
0.50958,-0.0037442,0.48335,1.9229,-0.85914,-0.84416,-1.7533,1.3691,0.63992,1.4373,7
-0.69934,1.693,0.30109,1.2945,-1.8573,-1.1868,0.097165,0.92873,1.2409,-0.081159,8
-0.32527,-0.027885,-0.14716,2.1675,-0.90627,-0.37961,-0.044856,0.28504,1.1601,0.16179,9
-1.2186,0.60581,0.30919,1.102,-0.51533,-0.43054,1.2041,-0.73846,2.2151,0.49049,10
0.48346,-0.38827,-0.62106,1.3596,-0.62485,0.70847,-0.86983,0.89679,0.99049,-1.0905,11
1.8282,-1.7712,-2.4384,0.71168,0.23329,2.5976,0.86158,0.84974,-1.9675,-1.0958,1
2.3047,-1.053,-2.0293,-0.20944,-0.40303,2.0219,0.06166,1.885,-0.58464,0.31899,2
2.034,-0.77969,-1.6553,0.53994,-0.049519,1.3551,-0.16808,1.206,-0.24861,0.25826,3
1.7404,-0.1072,-0.74933,0.82096,-0.68446,0.48777,-0.38947,0.74722,0.1892,0.44404,4
1.0351,0.18679,0.41045,1.4754,-1.0241,-0.47067,-1.4108,1.5606,0.44606,1.0532,5
1.3329,0.035053,-0.094508,1.2178,-0.91598,-0.027719,-0.67769,1.2346,0.04703,0.73165,6
0.56705,-0.070993,0.39425,1.9489,-0.91875,-0.77008,-1.6071,1.5522,0.74978,1.4194,7
-0.62306,1.3076,0.25113,1.2945,-1.7949,-1.2501,0.45431,0.96066,1.4283,0.23325,8
-0.39946,0.14627,-0.082356,1.8709,-1.1239,0.40442,-0.36441,0.71361,1.4428,-0.89576,9
-1.2604,0.62736,0.37399,1.2698,-0.3462,-0.45215,1.0454,-0.89308,2.2538,0.74416,10
0.63183,-0.32275,-0.66427,1.0512,-0.91182,0.96158,-0.69649,1.0716,1.005,-1.2245,11
1.8627,-1.7729,-2.4546,0.53604,0.13902,2.6315,0.9305,1.1405,-1.8867,-1.1012,1
2.1354,-1.1384,-2.0333,0.049461,-0.10497,2.1577,0.019889,2.0111,-0.48447,0.16358,2
1.9713,-0.80814,-1.6188,0.57637,-0.039815,1.5805,-0.10125,1.3556,-0.17106,0.22967,3
1.7676,-0.15376,-0.75743,0.88081,-0.63317,0.45999,-0.32472,0.67999,0.16658,0.50478,4
1.0048,0.059194,0.33619,1.6237,-0.97005,-0.42128,-1.3335,1.3943,0.65446,0.87635,5
1.4029,-0.04599,-0.29838,1.2464,-0.89657,0.19453,-0.55655,1.3035,-0.0095126,0.55122,6
0.61929,0.067816,0.37939,1.6926,-1.0629,-0.71761,-1.3084,1.8917,0.61085,1.4909,7
-0.54992,1.1481,0.23628,1.4233,-2.1013,-0.83336,-0.023971,1.5623,0.99211,0.79417,8
-0.39528,0.16438,-0.086407,1.5703,-0.99777,0.64982,0.0073574,0.67663,1.6141,-0.99043,9
-1.274,0.46183,0.3929,1.3153,-0.31154,-0.54783,1.154,-0.89812,2.1682,0.86027,10
0.66526,-0.2098,-0.65887,0.89122,-1.0602,1.1283,-0.59415,1.2296,0.79825,-1.2245,11
2.0393,-1.7445,-2.6665,0.40204,0.014252,2.5945,1.014,1.5455,-1.764,-1.0672,1
1.846,-1.2237,-1.9523,0.39683,0.20418,2.2426,-0.030237,2.1001,-0.39885,-0.0043442,2
1.7477,-0.92454,-1.5284,0.8665,0.19032,1.8398,-0.18688,1.2968,-0.22761,0.31185,3
1.7289,-0.2098,-0.81684,0.95887,-0.58187,0.5495,-0.29131,0.65478,0.10034,0.4101,4
0.93275,-0.070993,0.29974,1.733,-0.80646,-0.39813,-1.3001,1.1825,0.62862,0.67091,5
1.4238,-0.15462,-0.4793,1.1228,-0.83141,0.25626,-0.09707,0.91696,0.064801,0.68163,6
0.75199,0.15403,0.32404,1.452,-1.0671,-0.7423,-1.1622,1.9539,0.52684,1.5552,7
-0.53111,1.2042,0.27948,1.3817,-1.8864,-1.2454,0.044951,1.0665,1.3136,0.5673,8
-0.26989,-0.0097794,-0.25653,1.3635,-0.9035,0.95541,-0.29548,1.4127,1.3184,-0.75463,9
-1.2636,0.41441,0.24168,1.0343,-0.37531,-0.65741,1.4652,-0.68804,2.1424,0.99425,10
0.67571,-0.18566,-0.68992,1.0031,-0.98945,0.87052,-0.59623,1.3976,0.58177,-1.0672,11
1.6913,-1.841,-1.635,-0.36556,0.39965,1.5079,1.1143,1.3959,0.64154,-0.66352,1
1.6224,-1.2487,-1.0086,-1.0109,0.18338,1.0279,0.55038,0.80772,0.73686,-0.60457,2
1.3329,-0.64433,-0.82629,-0.52819,1.3576,-0.4969,0.74044,-0.046039,-0.1743,-1.019,3
1.1877,0.024707,0.083712,-1.007,0.78921,-0.72224,0.164,-0.90484,0.54138,-0.83502,4
0.64437,0.77048,0.71828,-0.88987,-0.68307,-0.75928,-0.43333,0.9136,0.48484,-0.90111,5
0.73422,0.20059,0.63997,-0.58153,-0.21172,-0.7886,0.070014,0.30017,0.85317,-0.62958,6
-0.027485,0.25059,1.7255,0.37471,-1.1309,-0.84725,-2.0206,0.61949,2.1214,0.52622,7
-0.41722,-0.19946,1.874,1.6965,-1.1572,-0.62809,-3.0733,0.84469,1.6722,2.0429,8
-0.13824,-0.0046064,0.85735,-0.52559,-1.1946,0.32571,-0.80091,1.1321,1.2296,0.92994,9
-0.45379,-0.85643,0.28353,-0.25107,-0.23806,1.065,-0.065742,0.71697,1.3346,1.3283,10
0.76035,-0.8159,0.71558,-0.36816,-0.42106,0.015495,-0.77376,0.47832,1.1003,0.32614,11
1.7342,-1.8902,-1.7282,-0.34995,0.42738,1.5218,1.1247,1.4682,0.62862,-0.66352,1
1.8198,-1.2754,-0.9208,-1.0525,-0.0065431,1.031,0.6026,0.79932,0.87256,-0.52419,2
1.4134,-0.70037,-0.65212,-0.52689,1.1289,-0.047783,0.45848,0.014464,0.13588,-1.1476,3
1.2117,0.067816,-0.17957,-0.71814,0.71574,-0.7778,0.14938,-0.72837,0.61892,-1.1333,4
0.63496,0.48683,1.1557,-0.68431,-0.95341,-0.70989,-0.56699,0.93713,0.54623,-0.68853,5
0.7687,0.11868,0.8857,-0.52298,-0.33926,-0.62809,0.04704,0.32706,1.1537,-0.85288,6
-0.076594,0.011775,1.8997,0.71037,-1.1073,-0.87503,-2.1752,0.41445,2.06,0.94245,7
-0.41618,-0.32102,1.8983,1.8878,-1.2182,-0.76236,-2.8832,0.50857,1.6254,2.1965,8
-0.03271,-0.3124,1.1341,-0.13268,-1.1281,0.10964,-0.9304,0.96906,1.3637,1.6963,9
-0.63246,-0.71676,0.34159,-0.27059,-0.11606,1.119,-0.12631,0.80772,1.2991,1.0496,10
0.76557,-0.74607,0.77634,-0.39158,-0.58464,0.12507,-0.52314,0.48336,1.0923,0.39402,11
1.5785,-1.9238,-1.716,-0.21074,0.5369,1.6237,1.0809,1.5153,0.41375,-0.72426,1
1.8585,-1.3108,-0.88704,-1.0668,-0.00099774,1.0758,0.70702,0.66991,0.90487,-0.52061,2
1.4656,-0.73055,-0.74663,-0.42671,0.95557,0.11581,0.29558,0.23463,-0.053132,-1.0101,3
1.1919,0.012637,-0.10531,-0.85344,0.90844,-0.9877,0.13894,-0.5956,0.50907,-1.0833,4
0.66422,0.05747,1.6026,-0.37597,-1.081,-1.0093,-0.76541,0.81612,0.63185,-0.061509,5
0.82722,-0.080477,1.0207,-0.35125,-0.59712,-0.55555,-0.22865,0.76739,1.026,-0.78679,6
-0.012857,-0.33568,1.9388,1.0343,-0.64148,-0.91516,-2.6138,-0.11831,2.081,1.5284,7
-0.4214,-0.31843,1.9145,1.8631,-1.2099,-0.89972,-2.6994,0.28168,1.6512,1.925,8
-0.0024083,-0.59864,1.2921,0.21859,-1.1031,0.13588,-0.77167,0.77243,1.1343,1.9535,9
-0.93966,-0.59088,0.53871,-0.087146,0.044751,1.1514,-0.30593,0.72369,1.2554,0.71736,10
0.71437,-0.7978,0.85465,-0.31352,-0.7316,0.22385,-0.26833,0.32874,1.0357,0.47977,11
1.404,-1.9945,-1.5878,-0.0064829,0.61176,1.7379,1.0809,1.5136,0.24735,-0.75106,1
1.7937,-1.3246,-0.91675,-1.0486,0.023956,1.0835,0.73417,0.73545,0.92264,-0.53669,2
1.4385,-0.81246,-0.80063,-0.40459,0.83773,0.16829,0.21621,0.27832,-0.21791,-0.7189,3
1.1261,-0.034782,-0.10801,-0.98484,1.0734,-1.1143,0.03242,-0.58216,0.48645,-1.178,4
0.72273,-0.20463,1.7714,-0.16651,-1.0823,-1.264,-0.84686,0.68503,0.69162,0.2529,5
0.89095,-0.20808,1.0018,-0.36426,-0.52642,-0.82564,-0.17852,0.67495,1.4315,-0.87075,6
0.10939,-0.62709,1.8673,1.1944,-0.26301,-0.79786,-2.8205,-0.52334,1.9808,1.9,7
-0.42767,-0.32619,1.8362,1.7603,-1.0768,-0.84262,-3.2466,0.40437,1.795,2.0929,8
0.01222,-0.61588,1.2192,0.12882,-1.2709,0.39671,-0.29339,0.82621,0.96303,1.716,9
-1.2009,-0.50725,0.72368,0.088491,0.10436,1.1283,-0.56908,0.57747,1.228,0.38866,10
0.58376,-0.7728,0.87895,-0.2862,-0.6401,0.30102,-0.33517,0.31866,0.98888,0.34043,11
1.2682,-2.01,-1.4784,0.12232,0.61731,1.7857,1.1999,1.4648,0.16981,-0.78321,1
1.7467,-1.3953,-0.9262,-1.007,0.026729,1.082,0.69031,0.73377,0.9388,-0.52061,2
1.3016,-0.87626,-0.67777,-0.29401,0.84744,0.31028,0.23083,0.28673,-0.31323,-0.72605,3
1.1647,-0.21756,-0.054003,-0.62967,0.35806,-0.48147,-0.27042,-0.80904,0.9291,-1.278,4
0.68929,-0.17876,1.7552,-0.25237,-1.1669,-1.3025,-0.58997,0.73713,0.54623,0.27433,5
0.91499,-0.50811,1.0801,-0.22245,-0.45017,-0.77934,-0.41453,0.62117,1.5785,-0.57956,6
0.24418,-0.87798,1.7241,1.2789,-0.17706,-0.79632,-2.4655,-0.66619,1.8322,2.0554,7
-0.37961,-0.40293,1.8241,1.772,-1.2334,-0.89046,-3.0461,0.40269,1.8435,2.0125,8
0.022669,-0.7521,1.1665,0.2264,-1.3707,0.47388,0.0052689,0.79428,0.79017,1.6409,9
-1.2824,-0.49432,0.81684,0.10801,-0.027338,1.1838,-0.54402,0.57243,1.1553,0.32257,10
0.48346,-0.70555,0.96536,-0.27449,-0.5084,0.35967,-0.2746,0.42958,0.85479,0.25111,11
1.1584,-2.0221,-1.4163,0.2225,0.63949,1.8783,1.2709,1.4884,0.12296,-0.81001,1
1.7028,-1.4591,-0.91405,-0.96012,0.015638,1.0496,0.65272,0.76066,0.90649,-0.55098,2
1.289,-0.8685,-0.76553,-0.33174,0.81555,0.30102,0.3645,0.48504,-0.28738,-0.91183,3
1.1396,-0.27791,-0.18362,-0.43582,0.054456,-0.10334,-0.88445,-0.17545,0.47676,-1.1423,4
0.64019,-0.17532,1.7012,-0.20554,-1.135,-1.4461,-0.56282,0.801,0.51391,0.30113,5
0.86065,-0.81677,1.1085,-0.042911,-0.38501,-0.47221,-0.53775,0.6884,1.3847,-0.3259,6
0.34762,-0.9323,1.5945,1.1826,-0.45294,-0.94602,-1.793,-0.29981,1.9194,1.732,7
-0.32945,-0.52449,1.8186,1.9099,-1.3804,-0.97998,-2.6952,0.38588,1.7966,2.0161,8
-0.082863,-0.88229,1.1314,0.38382,-1.3347,0.75477,0.37494,0.73881,0.34267,1.0175,9
-1.4151,-0.26326,0.82359,0.071578,0.053069,1.1638,-0.57744,0.65982,1.1294,-0.03114,10
0.37897,-0.61588,0.94781,-0.25237,-0.36699,0.41523,-0.21403,0.43798,0.85156,0.095694,11
0.13865,-2.5946,0.95996,1.2958,1.4547,1.6005,-0.79047,-1.488,-0.76234,1.0746,1
0.05088,-1.1892,1.1139,1.1996,1.743,-0.27466,-1.9475,-1.6191,-0.59595,0.45297,2
0.58063,-1.122,0.91675,1.0643,0.98746,-1.4862,-1.3272,-1.0695,-0.027283,0.77095,3
1.6725,-0.69434,0.36049,-0.88467,0.31231,-1.3303,0.26425,-0.78047,-0.68803,0.65484,4
0.42703,0.28594,0.18632,-1.3895,-0.41274,-0.76236,1.8035,-0.41242,-0.30031,-0.015063,5
0.69974,-0.11065,-0.23357,-1.2633,0.22636,-1.1374,2.3862,-0.49645,-0.87381,1.0353,6
-0.38274,0.50321,2.0698,-0.36166,-0.92014,-1.5649,-0.090805,1.4917,0.040568,-1.0476,7
-0.75889,1.6852,0.71153,-0.87946,-0.97559,-1.7023,0.37703,1.959,0.017951,-0.15083,8
-0.95324,0.79979,0.54006,-1.0928,0.86408,0.42603,0.66316,0.029589,-0.44893,-1.5067,9
-1.0379,0.92998,1.3569,0.1028,1.3493,-0.16662,-0.60459,0.61613,-1.1808,-1.2441,10
0.26821,-0.70469,0.41855,-1.18,0.6991,-0.45523,0.83651,0.57075,-1.0176,-0.18656,11
0.0049057,-2.4764,1.0099,1.1904,1.4935,1.636,-0.97009,-1.572,-0.40693,1.2962,1
-0.059876,-1.0763,1.7147,1.0395,1.5836,-0.35954,-2.0749,-1.646,-0.35685,0.45833,2
0.50749,-1.0383,0.9451,0.92895,1.1899,-1.426,-1.3982,-1.4023,0.035722,0.88707,3
1.661,-0.71417,0.21198,-0.6739,0.18477,-1.2624,0.35406,-0.78888,-0.57979,0.57623,4
0.31941,0.30664,0.049958,-1.2529,-0.35174,-0.41356,1.6698,-0.5267,-0.34392,-0.2991,5
0.75408,-0.20032,-0.30918,-1.2815,0.34559,-0.9059,2.0813,-0.59897,-0.53456,0.46369,6
-0.25004,0.57563,1.9888,-0.5425,-0.9853,-1.3905,0.17026,1.8884,-0.057978,-1.0476,7
-0.82681,1.8853,0.80739,-1.0278,-1.1253,-1.2871,0.38539,1.2531,0.35398,0.081403,8
-0.94488,0.87825,0.29163,-1.0239,1.0332,0.16829,0.75924,0.13883,-0.73165,-1.3834,9
-1.0671,0.77738,1.2826,0.03515,1.5586,-0.29318,-0.090805,0.64806,-0.97882,-1.4799,10
0.25463,-0.70382,0.29298,-1.0824,0.64365,-0.49382,0.80518,0.45983,-1.2018,-0.12939,11
-0.23332,-2.3204,1.2475,1.3297,1.4519,1.4184,-1.3941,-1.7166,-0.043438,1.2515,1
0.040431,-1.2547,1.8943,0.96147,1.5836,-0.22836,-1.793,-1.5704,-0.331,0.15107,2
0.49913,-1.0409,0.81684,1.2698,1.0235,-1.5387,-1.0599,-1.562,-0.014359,0.90493,3
1.5398,-0.80039,0.55356,-0.74936,0.29845,-1.4769,0.20786,-0.61241,-0.55394,0.68699,4
0.25045,0.40234,-0.11341,-1.3153,-0.17983,6.1384e-05,1.6615,-0.92501,-0.33423,-0.47238,5
0.63914,-0.27102,-0.47525,-0.98615,0.43154,-0.52623,1.5738,-0.88971,-0.70903,0.44583,6
-0.28452,0.84118,2.0455,-0.64528,-1.013,-1.23,0.092988,1.7186,-0.13714,-0.59921,7
-0.9407,1.8732,0.51711,-1.1748,-1.0726,-0.80249,1.0245,0.98419,0.4816,-0.18298,8
-0.94175,0.71616,0.51306,-0.88076,0.71435,-0.057043,0.90961,0.26824,-0.44409,-1.4495,9
-1.1988,0.5058,1.388,-0.32003,1.5129,-0.081737,-0.17852,0.66655,-1.0483,-1.83,10
0.15328,-0.60554,0.28353,-1.0551,0.66167,-0.54012,0.74044,0.24471,-1.226,-0.11867,11
-0.33259,-2.2376,1.3907,1.2698,1.341,1.3814,-1.4212,-1.7132,-0.080595,1.1782,1
0.12298,-1.4237,1.9294,0.8691,1.5947,-0.13884,-1.5277,-1.4847,-0.48447,-0.1151,2
0.34449,-1.0409,0.93025,1.4363,0.85853,-1.7439,-1.3794,-1.0897,0.13265,0.95495,3
1.6255,-0.77969,0.52926,-0.74546,0.47867,-1.5557,0.56709,-0.8561,-0.58948,0.54587,4
0.23791,0.36354,-0.0040479,-0.95492,-0.6803,0.17292,1.6824,-0.76031,-0.76881,-0.1937,5
0.33926,-0.33826,-0.35779,-0.67911,0.71435,-0.26848,1.0871,-0.83089,-1.1743,0.31542,6
-0.43916,1.2007,1.7997,-0.9276,-1.074,-1.2346,0.070014,1.5573,-0.60241,-0.30089,7
-1.1027,1.8542,0.62647,-0.87036,-1.0297,-0.98461,1.0475,1.0195,0.5543,-0.25265,8
-0.9616,0.70668,0.77094,-0.87946,0.70326,-0.17125,0.72582,0.13043,-0.331,-1.4317,9
-1.3325,0.75151,1.4096,-0.43452,1.4214,0.14514,-0.3289,0.59932,-0.90451,-1.8533,10
0.19925,-0.60554,0.30514,-0.81181,0.65197,-0.82255,0.96391,0.1674,-1.352,-0.072227,11
-0.54574,-2.0126,1.5392,1.0174,1.3784,1.4339,-1.6071,-1.8729,-0.14037,1.4051,1
-0.1163,-1.2168,2.0185,0.81576,1.5448,-0.64352,-1.7888,-1.3418,-0.67672,0.1743,2
-0.085998,-0.59778,1.4001,1.1488,0.57156,-2.1699,-1.25,-0.64938,0.54299,0.73165,3
1.6412,-0.73314,0.33619,-0.42411,0.38024,-1.6344,0.8574,-0.8914,-0.55233,0.38509,4
0.1888,0.29025,0.18497,-0.79099,-0.67753,-0.20984,1.8766,-0.56367,-1.0289,-0.043645,5
0.17104,-0.49345,-0.0026977,-0.25628,0.67415,-0.016916,0.85531,-0.73005,-1.4182,0.043888,6
-0.53843,1.6697,0.66022,-1.3439,-0.71496,-0.8596,0.99107,0.39765,-0.73326,-0.417,7
-1.0901,1.8396,0.82629,-0.74416,-1.1946,-1.0602,0.53994,0.84301,0.58015,-0.13296,8
-1.0055,0.81962,1.0207,-0.84564,0.70187,-0.29627,0.37912,-0.18385,-0.33908,-1.4728,9
-1.39,1.1059,1.4271,-0.53339,1.4727,0.19144,-0.099159,0.74554,-0.70418,-1.7032,10
0.33508,-0.62537,0.30919,-0.79099,0.66583,-0.78551,0.88664,0.15396,-1.4748,0.11356,11
-0.54992,-1.9859,1.5864,0.92504,1.3881,1.4153,-1.7157,-1.9838,-0.12583,1.5588,1
-0.39319,-0.95816,1.5149,1.1553,1.4449,-1.5896,-1.7136,-1.1317,-0.61695,0.90672,2
-0.13197,-0.69434,1.3096,1.2425,0.88487,-1.923,-1.3794,-0.85946,0.21989,0.50478,3
1.5241,-0.68227,0.41585,-0.48656,0.41213,-1.6452,0.42298,-0.64434,-0.6848,0.49049,4
0.23478,0.30664,0.12827,-1.1566,-0.30599,-0.28392,1.768,-0.38048,-0.80112,-0.26873,5
-0.090177,-0.61243,0.21873,0.24461,0.48976,-0.070934,0.95765,-0.89644,-1.0935,-0.041858,6
-0.51648,1.3197,0.4469,-0.99135,-0.50701,-0.76082,1.3962,-0.061165,-0.50386,-1.0762,7
-1.0964,1.6404,0.8641,-0.71293,-1.1669,-1.3967,0.23083,1.0296,0.53169,-0.16869,8
-0.95115,0.69547,0.65752,-0.57633,0.84189,-0.29627,0.64019,-0.030913,-0.62987,-1.571,9
-1.4391,1.13,1.9928,-0.70383,1.1594,0.46153,-0.23283,0.78587,-0.30838,-1.8122,10
0.47614,-0.65899,0.57381,-0.61406,0.67969,-1.1312,0.76133,0.098495,-1.2632,-0.30625,11
-0.16227,-1.7574,-0.070205,0.56987,1.8165,0.61124,2.1753,-2.5149,-1.1888,0.35115,1
-0.70769,-0.58571,0.34834,1.5092,1.395,1.0187,-1.7303,-1.5519,-1.3892,0.28684,2
0.52421,-0.83056,-0.75743,1.0174,0.93755,0.41677,-1.0098,-1.0208,-0.73165,0.87814,3
0.70392,-0.30464,-0.64942,-0.078039,0.028115,-0.89972,0.35406,-1.8712,-0.067671,0.77274,4
0.27344,0.49631,-0.28353,-0.65439,-1.0144,-0.51697,0.93885,0.11194,0.1795,-1.0565,5
0.50331,0.20318,-0.55221,-0.64008,-0.34481,-0.15582,0.26216,-0.43426,0.080956,-0.46166,6
-0.23228,0.88515,-0.35374,-0.71684,-0.34897,-0.72995,1.5821,0.043034,0.25543,-1.5978,7
-1.1246,1.3956,0.044557,0.4853,-0.88409,-1.3365,1.1665,0.10522,1.3443,-0.0007714,8
-0.60007,0.83169,-1.5459,0.33438,0.12655,1.224,0.34779,1.7489,0.21666,-2.1659,9
-1.5958,1.2878,-0.95185,0.2303,1.1663,-0.44289,0.9117,-0.6998,0.0066426,-2.3481,10
0.16164,-0.092547,-0.52115,0.58548,0.12516,0.52635,0.32691,0.70352,0.04703,-1.8926,11
-0.10585,-1.5643,-0.33078,0.30966,1.9856,0.93997,1.8265,-2.8745,-1.2357,0.50656,1
-0.47155,-0.70641,0.06481,1.6211,1.463,1.4663,-0.84895,-1.2763,-1.6331,-0.043645,2
0.49495,-0.83142,-0.56976,1.0616,0.97914,0.52481,-0.72155,-0.98551,-1.079,0.86384,3
0.68094,-0.34085,-0.52925,-0.018192,-0.1424,-0.75156,0.06166,-1.8443,-0.024052,0.45119,4
0.29747,0.37044,-0.19037,-0.45793,-1.0754,-0.8812,1.1561,0.14219,0.2829,-0.94935,5
0.60153,0.063505,-0.28488,-0.70383,-0.39333,0.0046915,0.13894,-0.39561,0.28128,-0.51347,6
-0.19571,0.96102,-0.59271,-0.67,-0.2242,-0.4506,1.8453,-0.16368,-0.054747,-1.6764,7
-1.1089,1.186,0.091812,0.82617,-1.1073,-1.4615,1.0412,0.15059,1.5139,0.018879,8
-0.76725,0.64633,-0.67777,0.2303,-0.1119,0.86589,-0.26415,1.9825,0.669,-1.9872,9
-1.6105,1.3223,-0.90865,0.229,1.1455,-0.63118,1.1164,-0.69476,0.16173,-2.4999,10
0.17417,-0.18221,-0.56436,0.63752,-0.014861,0.42603,0.32691,0.87495,0.084187,-1.6532,11
-0.1884,-1.6332,0.045908,0.51652,1.8886,0.60661,1.9038,-2.7367,-1.6153,0.64769,1
-0.36707,-0.87884,0.11206,1.6432,1.3493,1.687,-0.26415,-0.72837,-1.9918,0.15465,2
0.30478,-0.74779,-0.37804,1.1891,1.0318,0.40288,-0.82598,-1.0931,-1.2987,1.0532,3
0.57958,-0.28653,-0.56976,-0.071534,-0.081405,-0.63735,-0.16182,-1.804,-0.10644,0.30649,4
0.3215,0.44803,-0.30783,-0.55551,-0.96589,-0.83953,1.4923,-0.18889,0.20535,-0.98508,5
0.69974,-0.037369,-0.21467,-0.65699,-0.44462,0.041732,0.15773,-0.24435,0.33621,-0.75463,6
-0.072415,0.87049,-0.48335,-0.94321,0.0045476,-0.35028,1.8202,0.16572,-0.046669,-1.7693,7
-1.0671,1.2878,-0.010799,0.71818,-1.3804,-1.0633,0.92214,0.23631,1.5656,-0.42057,8
-0.6356,0.39027,-0.76823,0.21079,-0.10359,0.93226,-0.36441,2.1102,0.39437,-1.8926,9
-1.6481,1.4223,-0.59136,0.059869,0.86546,-0.62037,0.70911,-0.63426,0.76109,-2.8501,10
0.12611,-0.23567,-0.5063,0.53344,-0.070314,0.40751,0.14102,0.75226,0.14558,-1.5531,11
-0.44648,-1.6143,0.56706,0.64142,2.0217,0.21305,1.415,-2.3519,-1.8819,0.59588,1
-0.27094,-0.99265,-0.028351,1.6276,1.3243,1.6993,0.1097,-0.56535,-1.9627,-0.10081,2
0.084316,-0.62537,-0.24167,1.2789,1.0083,0.25009,-1.0369,-1.2443,-1.3229,1.3033,3
0.43539,-0.22446,-0.54006,-0.20944,0.15843,-0.87194,-0.042768,-2.0157,-0.036976,0.4494,4
0.33508,0.59891,-0.44825,-0.88206,-0.71496,-0.5324,1.5216,-0.4662,0.24897,-1.1816,5
0.68512,-0.19342,-0.14446,-0.38898,-0.47928,0.071056,-0.049034,0.17244,0.2102,-1.0119,6
0.044611,0.86015,-0.55221,-1.1175,0.10714,0.0031481,1.7367,0.096814,0.15204,-1.4549,7
-1.0535,1.3662,0.0027028,0.60239,-1.5121,-0.69754,1.0224,0.3153,1.5495,-0.67424,8
-0.63769,0.28336,-0.72233,0.41765,0.02257,0.57883,-0.12004,1.5354,0.83217,-1.7961,9
-1.6941,1.6352,-0.35374,-0.29271,1.0471,-1.0896,0.80518,-0.72837,0.63346,-2.207,10
0.16791,-0.28309,-0.57651,0.54645,-0.14656,0.20996,0.40627,0.55899,0.37336,-1.7318,11
-0.64187,-1.5056,0.74258,0.76762,1.9759,0.10192,1.248,-2.5199,-1.6218,0.24039,1
-0.2375,-1.0159,-0.16877,1.5339,1.3826,1.6345,0.19115,-0.36536,-2.0014,-0.25087,2
0.079091,-0.69003,-0.17012,1.0864,1.1164,0.27632,-1.039,-0.94349,-1.659,1.3944,3
0.3309,-0.24946,-0.46445,-0.055921,0.033661,-0.83182,-0.09707,-1.9804,0.027644,0.35293,4
0.29538,0.59374,-0.42664,-0.82352,-0.86746,-0.34565,1.4505,-0.47796,0.40568,-1.362,5
0.53361,-0.40724,-0.10666,-0.07934,-0.30876,0.12816,-0.37067,0.73881,-0.23892,-0.91362,6
-0.082863,0.91446,-0.56571,-0.94972,0.10159,0.34423,1.6845,-0.59729,0.24251,-1.1869,7
-1.0504,1.2524,0.098563,0.65443,-1.4151,-0.89046,1.0349,0.36571,1.7288,-0.34912,8
-0.7265,0.056607,-0.36319,0.79104,0.22082,0.52018,-0.50225,1.4228,0.74655,-1.5192,9
-1.7442,1.8413,-0.31863,-0.44623,1.0235,-1.1744,0.62557,-0.60233,0.39437,-1.8676,10
0.20239,-0.37189,-0.54141,0.59719,-0.16459,0.0077782,0.48146,0.52201,0.55107,-1.8265,11
-0.72232,-1.397,0.67238,0.83918,1.8913,0.18218,1.1853,-2.7031,-1.4602,0.015306,1
-0.24795,-1.0599,-0.19307,1.4337,1.4547,1.3443,0.10552,-0.061165,-1.9804,-0.65816,2
0.22433,-0.82625,-0.39424,1.0226,1.1275,0.41368,-0.70275,-0.8393,-1.9191,1.2515,3
0.16895,-0.22705,-0.36184,0.013032,-0.0037704,-0.81947,-0.14928,-1.8544,-0.035361,0.42439,4
0.28075,0.59115,-0.48875,-0.73895,-1.074,-0.21138,1.4046,-0.33511,0.30713,-1.4138,5
0.27239,-0.54605,-0.058054,0.065073,0.0045476,0.28713,-0.31637,0.94049,-0.43924,-0.92791,6
-0.30855,0.78686,0.0013527,-0.68301,-0.037042,0.28095,1.1519,-0.82249,0.3039,-1.2745,7
-0.9501,1.38,-0.32403,0.19778,-1.501,-0.19132,1.3879,0.51529,1.5915,-0.57956,8
-0.70978,-0.2667,-0.21467,1.1826,0.43986,0.8412,-1.1539,1.2464,0.23443,-0.53669,9
-1.7954,1.9241,-0.67507,-0.19773,0.89319,-1.0896,0.86158,-0.72333,0.46222,-2.5607,10
0.19507,-0.38396,-0.53196,0.55946,-0.14102,-0.020002,0.52114,0.46151,0.56884,-1.814,11
-0.043158,-2.0204,-0.091807,0.7455,2.6594,0.74705,0.35197,-2.293,0.032491,0.045675,1
0.62451,-1.591,-0.5306,0.26933,2.0813,0.58037,-0.19314,-0.45275,-1.0095,0.712,2
0.99962,-0.92626,-0.17957,0.79884,0.86962,-0.7886,-1.3418,-1.3166,-0.093519,1.1461,3
1.3392,0.41268,-0.30378,-0.49176,0.3345,-1.5202,0.48981,-0.86619,-0.97882,0.58874,4
0.70915,0.93688,0.28218,-1.1123,-1.3388,-0.46449,0.17444,0.86822,-1.1274,-0.40271,5
0.86901,1.0007,0.20657,-1.2294,-0.35451,-0.36109,0.21412,0.049757,-1.3859,0.34758,6
0.47196,0.50838,1.5513,-0.37207,-1.4372,-1.2393,-0.69857,1.8463,0.17143,-1.1048,7
-1.0901,1.3395,0.46175,-2.3054,-0.40719,-0.070934,1.1728,0.6968,0.3766,-1.2137,8
-0.85398,0.47821,0.4658,-1.6028,0.95141,-0.41356,1.7534,1.6564,-1.5911,-0.38127,9
-1.8779,0.90067,1.2448,-0.62186,1.1178,-1.409,0.66107,0.095134,-1.6024,-0.24372,10
0.66735,-0.38568,0.41045,-0.90548,0.43292,-0.50153,-0.13049,0.44302,-1.827,0.03317,11
-0.27616,-1.9272,0.11612,0.84308,2.7439,0.57265,0.30184,-2.1351,-0.15491,0.30113,1
0.53047,-1.5832,-0.32268,0.2238,2.0383,0.71001,-0.3477,-0.39225,-1.0644,0.73522,2
1.1114,-0.93143,-0.52925,0.8717,1.0623,-0.69446,-1.0891,-1.6241,-0.21953,1.2265,3
1.2964,0.37647,-0.16607,-0.34865,0.31925,-1.6637,0.52741,-0.95862,-0.6541,0.14214,4
0.68407,0.94033,0.37399,-1.1839,-1.5329,-0.31479,0.10343,0.8094,-1.0241,-0.58492,5
0.8502,1.0015,0.020255,-0.9341,-0.45156,-0.34874,0.50652,-0.24267,-1.5152,0.79417,6
0.47928,0.5696,1.5878,-0.24587,-1.4525,-1.4337,-0.8949,1.7674,0.3976,-1.1298,7
-1.227,1.5335,-0.0067482,-2.0452,-0.11052,-0.11569,1.2542,0.6447,-0.21145,-1.237,8
-0.91771,0.39458,0.8749,-1.6523,0.83773,-0.30553,1.2688,1.7808,-1.5168,-0.33125,9
-1.9365,0.70323,1.3637,-0.85995,1.2758,-1.0016,0.74253,0.35899,-1.8399,-0.3259,10
0.52421,-0.088236,0.086412,-0.82742,0.53829,-0.54166,0.03242,0.10186,-2.0838,0.54229,11
-0.43812,-1.8238,0.12017,1.0174,2.7398,0.62513,0.33944,-2.0981,-0.32777,0.50478,1
0.29015,-1.5298,-0.062104,0.25242,2.0702,0.64519,-0.90325,-0.53846,-0.94813,0.78703,2
0.92439,-0.91592,-0.47255,0.99009,0.96666,-0.88738,-0.8949,-1.7267,0.0034116,1.1943,3
1.2347,0.36699,-0.20657,-0.13138,0.1307,-1.6575,0.39792,-1.0645,-0.47478,0.2922,4
0.63078,0.94291,0.22278,-1.1618,-1.6688,-0.27312,0.21621,0.86654,-1.0951,-0.48488,5
0.78542,0.67392,0.22008,-0.57242,-0.7108,-0.46604,0.59424,-0.28637,-1.5168,0.81382,6
0.40823,0.71358,1.3231,-0.32263,-1.4982,-1.4708,-0.61712,1.7842,0.16819,-1.2727,7
-1.2719,1.712,-0.61701,-1.9385,0.31786,-0.13421,1.6531,0.40773,-0.55717,-1.3334,8
-0.9825,0.37475,0.883,-1.7381,1.0027,0.074143,0.8031,1.1422,-1.7107,0.079616,9
-1.9877,0.33078,1.7201,-1.0395,1.3382,-0.67902,0.60677,0.98082,-1.848,-0.39556,10
0.37061,0.18852,-0.28758,-0.5412,0.52442,-0.73304,0.35406,-0.54014,-2.0515,1.2086,11
-0.61993,-1.772,0.28083,0.97318,2.9671,0.83348,0.44387,-1.9166,-0.37623,0.71379,1
0.015354,-1.422,0.16607,0.44627,2.0425,0.25935,-1.1267,-0.70989,-0.8932,1.0139,2
0.63601,-0.84522,-0.28623,1.0942,0.59235,-0.91979,-0.96173,-1.5939,0.33298,0.89779,3
1.2086,0.36957,-0.24032,-0.17692,0.20695,-1.5834,0.17862,-1.1553,-0.6121,0.44583,4
0.59108,0.86187,0.17012,-1.0148,-1.7755,-0.54938,0.38539,0.99595,-0.97398,-0.67246,5
0.67467,0.46183,0.23088,-0.33174,-0.72051,-0.47993,0.69031,-0.74854,-1.4683,0.9228,6
0.25567,0.76358,0.8938,-0.52429,-1.5079,-1.1698,0.057483,1.6178,-0.59271,-1.2012,7
-1.3064,1.7499,-1.0491,-1.7928,0.59651,-0.075564,1.8119,0.19429,-0.78981,-1.2584,8
-0.94384,0.44717,0.22683,-1.6223,1.5046,0.15131,0.47102,0.45647,-1.9094,0.49049,9
-1.9992,0.43596,1.9159,-1.1696,1.2342,-0.55401,0.26425,0.72873,-1.6977,-0.38485,10
0.24732,0.24025,-0.34023,-0.415,0.41768,-0.66667,0.26007,-0.75358,-1.8884,1.2497,11
-1.1288,-1.5255,0.9397,1.102,3.0781,0.8983,0.1452,-1.572,-0.077364,0.77095,1
-0.017037,-1.3634,0.047258,0.51783,2.0522,-0.0045687,-0.97009,-0.84434,-1.0273,1.389,2
0.68198,-1.0151,-0.4442,1.007,0.5771,-0.5216,-1.0536,-1.7989,0.3879,1.0103,3
1.1762,0.33078,-0.18497,0.031246,-0.056451,-1.3519,-0.040679,-1.0948,-0.78011,0.60303,4
0.55033,0.83514,0.13907,-0.98224,-1.7464,-0.80403,0.53785,0.89847,-0.61856,-0.86896,5
0.45733,0.31784,-0.076956,-0.50347,-0.19924,-0.20058,0.2726,-1.3855,-1.2777,1.2676,6
0.14805,0.84118,0.4064,-0.72724,-1.318,-0.82718,0.72373,1.1455,-1.2147,-1.0137,7
-1.3043,1.7258,-1.1679,-1.7433,0.77258,0.0077782,1.9998,0.0043798,-0.89966,-1.1852,8
-0.90831,0.34974,0.12557,-1.4662,1.7,0.12044,-0.063653,0.15059,-1.848,0.52622,9
-2.0807,0.64892,2.0414,-1.1293,1.0277,-0.625,-0.14093,0.67159,-1.68,-0.29374,10
0.27135,0.22128,-0.61566,-0.4163,0.55492,-0.3688,-0.10125,-0.95022,-1.6056,1.021,11
-1.5885,-1.1461,1.8051,1.2217,2.7828,0.67297,-0.28922,-1.3704,-0.062825,0.67449,1
0.073867,-1.4074,-0.005398,0.46058,2.0189,-0.13576,-0.65471,-0.81409,-1.1388,1.4212,2
0.74676,-1.2556,-0.482,0.80145,0.87101,-0.63118,-0.25371,-1.9653,-0.10644,1.4569,3
1.1344,0.26525,-0.098558,0.068976,-0.1022,-1.2825,-0.12213,-0.97375,-0.88189,0.91029,4
0.53152,0.86532,0.089112,-1.0863,-1.7339,-0.7778,0.53994,0.78419,-0.43116,-0.82787,5
0.19298,0.22904,-0.63052,-0.43842,0.58819,-0.18206,-0.30801,-1.8594,-0.67187,1.3372,6
0.071777,0.68082,0.17822,-1.1019,-0.96034,-0.46295,0.8929,0.72201,-1.1032,-1.1119,7
-1.2918,1.6094,-0.67102,-1.8982,0.59651,-0.27157,2.0583,0.088411,-0.33746,-0.95828,8
-1.0797,0.40147,0.18632,-1.193,1.8816,0.17755,-0.72155,-0.48468,-1.0144,0.41903,9
-2.136,0.6972,1.712,-1.1162,1.1594,-0.55401,0.22874,0.79428,-1.8108,-0.39199,10
0.4333,0.036778,-0.36454,-0.60885,0.5272,-0.28238,0.21621,-0.61745,-1.8851,0.65305,11
-1.9762,0.43165,2.4694,1.7694,0.18061,-1.6483,-1.2103,-0.49477,0.33136,1.3355,1
-1.0598,-0.077028,1.5986,0.99009,1.5434,-1.6915,-2.3882,-1.4578,-0.61372,1.9285,2
-0.61261,-0.78228,0.54816,1.1462,0.82942,-1.7208,-1.1225,-1.3737,-0.19045,2.0625,3
-0.34199,-0.45552,-0.21467,-0.36816,-0.056451,-0.70063,0.4564,0.21446,-0.52486,1.3622,4
0.36956,0.51011,-1.0774,-0.9224,-0.50701,-0.14502,2.4739,-1.6393,-0.64764,0.24754,5
0.035207,0.21352,-1.2826,-0.35255,-0.38501,-0.081737,0.77594,-1.0006,-0.51032,1.6588,6
-0.60843,1.1059,-0.41449,-1.2711,-0.38363,-0.58025,1.5111,0.81108,-2.1727,0.37973,7
-1.2604,2.5069,-0.46445,-2.416,0.25963,0.018582,0.3645,1.2027,-1.394,-0.34912,8
-1.3597,2.0568,0.037807,-2.2403,1.0083,0.023212,-0.26624,-0.17377,-1.583,0.12964,9
-1.8132,2.375,-0.15661,-1.3804,0.31231,-1.3627,1.7221,-0.96702,-1.0305,0.7906,10
-1.0013,0.48683,0.37939,-1.0343,0.68247,-0.40893,-1.0119,-1.1284,-0.2373,1.6927,11
-2.0451,0.50321,2.5126,1.664,0.15566,-1.4121,-1.5946,-0.33007,0.53007,0.97281,1
-1.2813,0.3463,1.3745,1.1345,0.94587,-2.1931,-2.054,-1.4763,-0.014359,2.2662,2
-0.82994,-0.56674,0.75338,0.91984,0.8308,-1.9369,-1.156,-1.2561,0.00018052,2.1125,3
-0.50917,-0.44259,-0.17012,-0.36036,0.12516,-0.65896,0.28513,0.2279,-0.50386,1.2533,4
0.17313,0.45493,-0.9856,-0.83393,-0.73853,-0.075564,2.6494,-1.5519,-0.48124,-0.03114,5
-0.26154,0.21438,-0.9451,-0.37857,-0.5389,-0.26848,0.99524,-0.483,-0.70418,1.5159,6
-0.75262,1.2386,-0.39289,-1.5807,-0.22004,-0.3935,1.1519,0.94553,-2.1662,0.65662,7
-1.366,2.4431,-0.83844,-2.5161,0.7296,0.71619,0.11179,0.77243,-1.7559,-0.14726,8
-1.3628,2.0353,-0.4874,-1.8292,1.4352,-0.070934,0.04704,-0.46283,-2.079,0.10999,9
-1.8602,2.5017,0.0054031,-1.9229,0.3747,-1.2871,1.2041,-0.24771,-0.83181,0.62447,10
-1.0515,0.48597,0.20252,-0.85214,0.70881,-0.41048,-0.84686,-1.2527,-0.34231,1.9196,11
-2.0524,0.39371,2.4465,1.8358,-0.27965,-1.4492,-1.4505,-0.44939,0.7207,0.8299,1
-1.2834,0.11092,1.284,1.5521,0.87378,-2.1637,-1.44,-1.8561,-0.29223,2.6449,2
-0.9313,-0.57191,0.81684,0.79494,1.0734,-1.9631,-1.2541,-1.0124,-0.051516,2.2537,3
-0.48514,-0.46587,-0.36589,-0.51388,0.44956,-0.36572,-0.1639,0.23126,-0.52648,1.5909,4
-0.2793,0.45234,-0.83304,-0.84173,-0.56246,-0.34257,2.8937,-1.5536,-0.17268,0.17787,5
-0.62515,0.20231,-0.68452,-0.2875,-0.47928,-0.27003,0.75715,-0.45611,-0.43278,1.4694,6
-0.84457,1.1472,-0.078306,-1.7589,-0.123,-0.23299,0.70702,0.87663,-1.6816,0.5155,7
-1.39,2.3836,-1.3474,-2.1493,1.1538,0.61895,0.24754,0.30185,-1.3229,0.020665,8
-1.367,2.0077,-0.64672,-1.5651,1.3701,-0.21601,0.43133,-0.52838,-1.7252,-0.19192,9
-1.9271,2.794,-0.56706,-2.2637,0.77535,-0.93059,1.0976,-0.44267,-0.92551,1.4141,10
-1.0285,0.28767,-0.21197,-0.5386,1.1081,-0.35646,-0.62965,-1.3418,-0.38593,1.4676,11
-2.0462,0.29457,2.3371,1.9229,-0.4779,-1.6946,-1.1998,-0.60905,0.90972,0.63161,1
-1.2009,-0.28136,1.2003,1.6835,1.2328,-1.8551,-1.3586,-1.7452,-0.65087,2.2822,2
-1.0264,-0.52277,0.59407,0.89772,1.0803,-1.6344,-0.87192,-1.2779,-0.1226,1.7338,3
-0.43289,-0.4719,-0.68857,-0.43712,0.43292,-0.20675,0.065837,0.053118,-0.65895,1.7928,4
-0.69098,0.54459,-0.52385,-1.1293,-0.10636,-0.72378,2.4113,-0.99559,-0.011128,0.36008,5
-0.68262,-0.026161,-0.9208,-0.097554,-0.11329,0.12353,0.58589,-0.99559,-0.331,1.6659,6
-0.81741,1.0817,-0.26328,-1.9658,0.29706,0.2825,0.48355,0.64806,-1.9562,0.45119,7
-1.3628,2.35,-1.9429,-1.7225,1.5364,0.54487,0.46266,-0.12671,-1.2405,0.043888,8
-1.4767,2.0525,-0.41179,-1.7876,1.255,-0.13421,0.20786,-0.39729,-1.5959,-0.061509,9
-1.9668,2.6819,-0.31053,-1.824,0.4149,-0.89509,0.4919,-0.83257,0.14558,0.38509,10
-0.99085,0.10403,-0.39154,-0.51128,1.4519,-0.39504,-0.56282,-0.9082,-0.42308,0.96567,11
-2.065,0.27215,2.2466,1.7863,-0.22974,-1.622,-1.7951,-0.683,1.1779,0.49585,1
-1.2918,-0.28136,1.3488,1.2633,1.4727,-1.8535,-1.6802,-1.3435,-0.69126,2.1858,2
-1.2009,-0.39948,0.48741,0.98879,0.71435,-1.1004,-0.63383,-1.4796,-0.041823,1.3855,3
-0.47573,-0.53829,-0.70747,-0.16391,-0.017634,-0.089454,0.5295,-0.07461,-0.72357,1.8356,4
-0.71396,0.46958,-0.81954,-1.1188,0.31231,-0.27003,1.8703,-1.3586,-0.11291,0.61554,5
-0.83099,-0.0097794,-1.1368,0.0078283,0.304,-0.087911,0.55247,-0.9519,-0.54102,2.1858,6
-0.75994,1.0127,-0.70207,-1.556,0.35806,-0.1018,1.1978,0.4884,-2.0144,0.36723,7
-1.3607,2.2525,-1.7444,-1.8357,1.1594,0.45999,0.74462,0.26824,-1.0337,-0.007917,8
-1.5614,2.1551,-0.066155,-2.0113,0.94864,-0.19749,-0.076185,-0.12167,-1.7559,0.26183,9
-1.9574,2.8785,-1.7187,-1.0265,0.92646,-0.63118,-0.030237,-1.725,0.14719,0.90493,10
-1.0473,0.054883,-0.23357,-0.65048,1.5184,-0.34411,-0.75288,-0.78383,-0.11452,0.54408,11
-2.0253,0.20059,2.144,1.5534,-0.074473,-1.5695,-2.0603,-0.99223,1.3233,0.46548,1
-1.4391,-0.054612,1.473,0.98359,1.2384,-2.1421,-1.5173,-1.0863,-0.44893,2.0411,2
-1.3158,-0.49001,0.61567,1.0278,0.80169,-1.3612,-0.29548,-1.1116,-0.25022,1.373,3
-0.47573,-0.64433,-0.89109,0.20818,-0.42106,0.26089,0.88664,-0.4225,-0.30677,1.4694,4
-0.44961,0.35405,-1.4096,-0.86775,0.12793,0.35504,1.7805,-1.525,-0.32777,0.88349,5
-0.99817,-0.00029555,-1.2043,0.11711,0.58126,-0.358,0.68405,-0.87627,-0.43924,1.916,6
-0.93861,0.98344,-0.55086,-0.97053,-0.19924,-0.54475,1.7492,0.36235,-1.9126,0.63697,7
-1.4067,2.181,-1.3893,-2.1011,0.83773,0.37664,0.67778,0.46319,-0.53779,0.051034,8
-1.5509,2.1646,-0.5063,-1.7642,1.463,-0.06013,-0.66307,-0.54351,-1.7365,0.48156,9
-1.9511,2.8086,-1.5999,-1.0538,1.0914,-0.62346,-0.47719,-1.5552,-0.024052,0.69414,10
-1.1434,0.079024,-0.045902,-0.93541,1.5531,-0.35646,-1.0348,-0.61745,0.2522,0.72451,11
2.1082,-2.2756,-2.0792,0.27844,0.45649,0.95849,1.768,1.3085,-0.051516,-0.68317,1
0.57854,-1.5755,-0.12421,-0.053319,1.079,1.7842,0.37703,-0.26956,-0.17268,-0.92791,2
0.69138,-0.95126,-0.19577,-0.2875,1.2273,0.36893,-0.37485,-0.39729,-0.15329,-1.2137,3
1.4615,0.029018,-0.937,-1.6445,0.42045,-0.71761,-0.51687,-0.33679,0.4186,-0.34733,4
0.51794,1.224,-0.089107,-0.50997,-0.79675,-0.54166,-0.18479,1.3018,0.84348,-0.69032,5
0.68721,-0.35292,1.0828,0.17956,-0.46403,-0.25768,-1.0724,0.4968,1.4638,-0.21335,6
0.42076,-0.53829,1.5864,1.3205,-0.64564,-0.49999,-2.3548,-0.31998,1.1117,1.9214,7
-0.67844,1.4576,0.9073,-1.1826,-1.8628,-0.23299,-0.70902,1.5388,1.4881,1.1818,8
-0.70247,-0.42017,1.7255,0.59458,-0.99916,0.049449,-1.605,-0.56031,0.93233,2.1608,9
-1.8968,-0.17014,1.901,0.94716,-0.34758,0.0046915,-1.0474,-1.2225,0.035722,2.259,10
0.28389,-0.90816,0.401,-0.39939,-0.41551,0.82268,-0.58788,0.84806,1.6561,0.73522,11
2.1667,-2.2911,-2.2183,0.41505,0.55215,1.0218,1.8244,1.7405,0.28936,-0.56349,1
0.69765,-1.3936,-0.50225,-0.23286,1.0207,1.7147,0.47519,0.45647,0.29744,-0.91362,2
0.55764,-0.91678,0.10261,-0.11186,1.1455,0.49703,-0.8761,-0.76871,-0.15814,-1.1726,3
1.5252,-0.071855,-0.76148,-1.4922,0.13348,-0.47221,-0.61294,0.10018,0.51391,-0.20621,4
0.49181,1.2016,-0.097208,-0.30051,-0.83141,-0.87349,-0.17435,1.1573,1.0163,-0.55634,5
0.60048,-0.10203,0.96536,-0.18862,-0.53751,-0.15119,-0.46674,0.53042,1.3895,-0.56885,6
0.45315,-0.55812,1.6323,1.5209,-0.61514,-0.45215,-2.2692,-0.25444,1.0293,1.9982,7
-0.69829,1.3826,0.99641,-0.84694,-1.7894,-0.60185,-0.80509,1.5304,1.2781,1.6892,8
-0.78188,0.3644,1.6593,0.15354,-0.87855,0.020125,-1.5361,-0.24099,1.0406,1.5266,9
-1.7567,-0.53484,1.8632,1.4181,-0.27688,0.010865,-0.968,-1.3166,-0.289,2.4627,10
0.19298,-1.0461,0.46985,-0.21204,-0.37531,0.81805,-0.67351,0.74218,1.4622,0.76559,11
1.4447,-2.4221,-1.6377,1.0395,0.94032,1.1082,1.8933,1.4951,-0.12583,-0.77964,1
1.334,-1.3177,-0.96265,-0.64788,0.47452,1.5373,0.54203,1.1959,1.0244,-0.29553,2
0.51167,-1.0771,0.52251,-0.010386,0.84744,0.79798,-0.92414,-0.86282,-0.16945,-0.71354,3
1.5158,-0.47362,-0.4874,-1.353,0.054456,-0.45523,-0.88028,0.43798,0.71101,-0.22764,4
0.41554,1.0093,0.34294,-0.22896,-0.78844,-0.76545,-0.5482,0.98587,1.4024,-0.44916,5
0.566,-0.15893,1.0072,-0.26148,-0.91598,0.24854,0.10343,0.31193,0.98565,-0.58671,6
0.55869,-0.73659,1.5635,1.6588,-0.50008,-0.3935,-2.3924,-0.40401,0.9808,2.234,7
-0.75367,1.1636,1.1935,-0.49827,-1.5759,-0.98307,-1.087,1.122,1.2587,1.8946,8
-0.6868,0.083335,2.0806,0.64923,-0.97143,-0.038523,-0.73826,-0.19898,0.63669,1.9464,9
-1.7202,-0.59778,1.8024,1.478,-0.20063,0.25009,-1.1079,-1.4544,-0.23245,2.3198,10
0.20448,-1.097,0.34159,-0.26278,-0.32679,0.5495,-0.71946,0.60941,1.3249,0.92994,11
0.48972,-2.3816,-0.66427,1.6536,1.0831,1.1499,1.7722,0.61109,-0.92066,-1.0333,1
1.8898,-1.3789,-0.85599,-0.87556,-0.30461,1.3567,0.26425,1.2296,1.2102,0.36365,2
0.59839,-0.96075,0.21063,-0.0051819,0.90012,0.95541,-0.74034,-0.26284,-0.10321,-0.75999,3
1.4353,-0.69865,-0.39289,-1.1982,0.24716,-0.39504,-0.87819,0.31362,0.7514,-0.29731,4
0.25776,0.82911,0.44825,-0.096253,-0.65119,-0.95683,-0.67769,0.76739,1.438,-0.38663,5
0.49181,-0.40982,1.1935,0.17176,-1.0699,0.3396,0.092988,0.26488,0.72716,-0.44558,6
0.71333,-1.0142,1.4474,1.8553,-0.3559,-0.31479,-2.3464,-0.64098,0.82086,2.4573,7
-0.8592,1.1326,1.0153,-0.4111,-1.2071,-1.2192,-1.5716,0.74722,1.3233,2.1411,8
-0.63664,0.014361,1.847,0.25632,-1.074,0.29176,-0.057388,0.40269,0.83379,2.0357,9
-1.6199,-0.78142,1.7565,1.893,-0.21727,0.15903,-0.94293,-1.4141,-0.59433,2.3751,10
0.061329,-0.69779,0.079661,-0.35906,-0.099427,0.35658,-0.50852,0.67327,1.0583,0.69235,11
-0.20825,-2.2083,0.058059,1.4546,1.3756,0.98936,1.0579,-0.20906,-0.95297,-1.0422,1
1.7101,-1.4712,-0.64402,-0.61275,-0.24361,1.5558,0.22039,1.1758,0.97918,0.19752,2
1.4103,-1.0142,-0.4766,-0.37857,0.55492,0.97238,-0.37276,0.65814,0.46222,-0.53133,3
1.2514,-0.77624,-0.30108,-1.0343,0.57849,-0.28546,-0.96382,0.18925,0.53169,-0.46166,4
0.13447,0.63771,0.63727,-0.022095,-0.48206,-1.0602,-0.7842,0.48504,1.4024,-0.22228,5
0.29015,-0.2736,1.1571,0.11061,-0.87162,0.62821,-0.026059,0.16908,0.38952,-0.43129,6
0.47719,-0.79866,1.6229,1.7928,-0.51949,-0.31942,-2.3819,-0.42922,1.0874,2.2287,7
-0.86234,1.3852,0.83034,-0.57112,-1.1655,-1.2362,-1.7575,0.7052,1.2748,1.8982,8
-0.67217,0.15058,1.3164,-0.061125,-0.80784,0.55567,-0.6213,0.50689,1.2118,1.632,9
-1.5843,-0.8297,1.8038,2.3119,-0.23945,-0.29318,-0.87401,-1.1872,-0.92228,2.2322,10
-0.21765,0.03764,-0.50495,-0.18602,0.51333,0.40134,0.22039,0.58756,0.7934,-0.45094,11
-0.15182,-2.1652,-0.075606,1.1254,1.7319,1.0372,0.42716,-0.17377,-0.72196,-1.2155,1
1.1428,-1.4203,-0.38074,-0.29791,0.14318,1.7981,0.28513,1.1102,0.9081,-0.15976,2
2.032,-1.0728,-0.36184,-0.67781,0.091887,0.80724,-0.34561,0.59764,1.0583,0.020665,3
0.91081,-0.73486,-0.23087,-0.73635,0.73792,-0.31942,-1.2938,-0.13847,0.24897,-0.54741,4
0.20761,0.35664,0.78039,0.19648,-0.55553,-0.72995,-1.0954,0.57915,1.4428,-0.33483,5
0.39987,-0.26326,0.80064,-0.281,-0.751,1.1684,-0.00099681,0.28841,0.36206,-0.33661,6
0.097899,-0.17532,1.8862,1.3219,-0.92707,-0.48301,-2.0436,0.053118,1.4331,1.8821,7
-0.82681,2.0663,0.50496,-0.9302,-1.1017,-1.0726,-1.4546,1.3119,1.1472,1.1568,8
-0.81532,0.31612,1.0167,-0.081942,-0.52087,0.69766,-1.3272,0.54386,0.99049,0.63161,9
-1.6606,-0.66416,1.8997,2.2924,-0.19093,-0.20212,-0.89281,-1.3099,-0.95944,2.0947,10
-0.20825,0.18679,-0.60756,-0.34735,0.93062,0.3859,0.56918,0.44302,1.1294,-0.67246,11
0.031027,-1.4298,-0.95725,1.3843,0.82248,2.0265,0.31855,0.43462,-1.2357,-0.98329,1
-0.099581,-0.67192,-0.4631,1.3049,0.51056,0.60506,-0.28922,0.13715,-1.1662,-0.95828,2
1.172,-0.79004,-1.3663,0.16525,-0.43215,-0.35954,-0.21821,0.63125,-0.48286,0.12785,3
1.2264,-0.0089172,-0.9208,0.040354,-1.1558,-0.15428,0.40418,-0.76871,-0.041823,-0.82787,4
0.41972,0.93257,-2.1224,-0.40589,-0.53058,0.41214,0.48981,-1.0258,0.1068,-0.015063,5
0.64437,0.56529,-0.93025,-0.56592,-0.77457,-0.5679,0.070014,0.51361,-0.46832,-0.21335,6
-0.13615,0.98688,-0.55491,-1.0746,-0.87439,0.3288,0.565,0.73545,-0.41985,-1.0315,7
-0.9198,1.8654,0.033756,-0.49176,-1.2251,-0.58951,0.62557,0.19093,1.3766,-0.045431,8
-0.97623,0.9524,-0.47795,-0.60235,-0.47651,1.1097,-0.33934,0.043034,0.5123,-0.94042,9
-1.5948,1.2162,0.42125,0.080685,-0.47374,0.72545,-0.25371,-0.73678,1.4622,-0.19192,10
-0.58858,0.11782,-0.4766,0.039053,-0.052292,0.318,0.37285,0.39092,-0.76881,-0.51347,11
0.15432,-1.4461,-1.1031,1.2646,0.77674,2.1793,0.33526,0.72201,-1.4409,-0.82787,1
-0.18004,-0.63054,-0.40369,1.275,0.4454,0.65136,-0.072008,-0.067887,-0.81889,-1.4549,2
1.2107,-0.81935,-1.4055,0.16785,-0.40997,-0.41974,-0.21403,0.73713,-0.40047,0.056393,3
1.2702,-0.044266,-0.79793,0.079384,-1.0768,-0.37035,0.65272,-0.88299,0.11327,-0.93684,4
0.39882,0.91101,-1.9928,-0.39028,-0.82587,0.75786,0.1097,-0.82081,0.017951,-0.090091,5
0.6569,0.5308,-0.78443,-0.49306,-0.73853,-0.59259,-0.15764,0.70184,-0.71711,0.018879,6
-0.06719,1.0929,-0.96265,-1.0928,-0.59158,0.43992,0.61304,0.4363,-0.47963,-1.0994,7
-0.90518,2.0137,-0.18632,-0.51778,-1.4664,0.054079,0.37494,0.49344,1.2086,-0.39556,8
-1.0065,1.1809,-0.93565,-0.44492,-0.15072,1.1406,-0.86983,0.43294,-0.11452,-1.0887,9
-1.6209,1.3326,0.33079,0.16395,-0.68446,1.278,-1.4212,0.27832,0.81602,-0.39735,10
-0.55723,0.091094,-0.30648,-0.10926,0.0087066,0.47079,0.33108,0.29681,-0.66057,-0.57778,11
0.20239,-1.4651,-1.1139,1.2932,0.81001,2.1531,0.2371,0.6968,-1.436,-0.82609,1
-0.33259,-0.55467,-0.30513,1.1319,0.50224,0.70075,-0.13466,-0.056123,-0.79627,-1.5174,2
1.2932,-0.82625,-1.3056,0.094996,-0.26301,-0.57099,-0.1639,0.53042,-0.10483,-0.26873,3
1.2943,-0.13566,-0.74123,0.19127,-1.2445,-0.31479,0.48355,-0.6914,0.16335,-0.98686,4
0.35912,0.86877,-2.1116,-0.37857,-0.73437,0.79953,0.15356,-0.99896,0.20212,-0.0097034,5
0.67467,0.47217,-0.68317,-0.38117,-0.73298,-0.51234,-0.23283,0.69848,-0.70418,-0.013276,6
-0.0065878,1.2335,-1.4217,-1.1644,-0.066155,0.60043,0.33735,0.23295,-0.84958,-0.82966,7
-0.92189,1.9861,-0.14851,-0.59974,-1.7838,0.6776,0.06166,1.0195,0.28613,-0.35448,8
-1.0065,1.3412,-1.3177,-0.21595,0.1612,1.0989,-0.98471,0.34051,-0.41824,-1.1155,9
-1.6575,1.4533,0.34969,0.17045,-0.82448,1.3243,-1.3982,0.21614,0.63185,-0.43129,10
-0.58336,0.14541,-0.39019,-0.11967,0.028115,0.7131,0.21412,0.012783,-0.66218,-0.54741,11
0.17417,-1.4599,-1.0666,1.3062,0.79892,2.2271,0.18071,0.57411,-1.4732,-0.9815,1
-0.43916,-0.46759,-0.22817,1.0603,0.50917,0.79953,-0.18688,-0.083013,-0.94651,-1.2191,2
1.3288,-0.84522,-1.2691,0.14704,-0.31154,-0.52314,-0.10542,0.46319,-0.0030505,-0.46702,3
1.2974,-0.18825,-0.74393,0.14183,-1.221,-0.58333,0.76759,-0.69476,0.20535,-0.96364,4
0.38628,0.83687,-2.009,-0.49176,-0.73714,1.011,-0.20776,-0.71157,0.087418,0.036743,5
0.63287,0.39285,-0.68452,-0.40459,-0.62623,-0.30707,-0.20985,0.54218,-0.55556,-0.19906,6
0.015354,1.2421,-1.5189,-0.94842,-0.1327,0.21305,0.60677,0.39429,-0.97559,-0.89576,7
-0.93757,2.0439,-0.13096,-0.64398,-1.7408,0.4924,0.17862,0.82285,0.51391,-0.42415,8
-1.0159,1.4033,-1.3717,-0.085845,0.44817,0.71001,-0.34143,-0.41242,0.23281,-1.3924,9
-1.6878,1.3705,0.50901,0.17956,-0.72605,0.65908,-0.10542,-0.87459,1.2134,-0.20978,10
-0.58962,0.16524,-0.34699,-0.093651,0.023956,0.87052,0.059571,-0.15864,-0.57979,-0.44022,11
0.11671,-1.4203,-1.0383,1.3492,0.79753,2.275,0.07628,0.37244,-1.3779,-1.2012,1
-0.56873,-0.30895,-0.18362,1.1748,0.49392,0.73625,-0.30175,-0.15024,-1.331,-0.85824,2
1.2964,-0.90212,-1.3299,0.24852,-0.27549,-0.48764,-0.1284,0.50185,0.037337,-0.35805,3
1.2734,-0.17187,-0.76148,0.015634,-1.1641,-0.62037,0.92423,-0.70485,0.14558,-0.87789,4
0.38315,0.75324,-1.7255,-0.63617,-0.76487,0.70075,0.36241,-0.62754,0.16658,-0.26694,5
0.49704,0.32388,-0.83574,-0.45663,-0.36006,-0.23762,-0.072008,0.39933,-0.37139,-0.37056,6
-0.024351,1.1774,-1.635,-0.91979,-0.064769,0.3751,0.53158,0.14219,-0.95136,-0.77071,7
-0.94801,2.1137,-0.14446,-0.61536,-1.6826,0.22385,-0.1639,0.94721,0.8354,-0.29553,8
-1.0525,1.5559,-1.3258,-0.14049,0.90982,0.514,-0.28295,-1.1502,0.17143,-1.1173,9
-1.7348,1.4275,0.4712,0.096297,-0.46265,0.24083,0.14938,-1.0611,1.27,0.018879,10
-0.5938,0.31095,-0.49955,-0.080641,0.23329,0.86281,0.011535,-0.32502,-0.77042,-0.42951,11
0.051925,-1.3703,-1.0531,1.4441,0.84883,2.2241,0.038686,0.25479,-1.4247,-1.2191,1
-0.73591,-0.035644,-0.21332,1.1748,0.60067,0.39979,-0.063653,-0.48972,-1.5346,-0.8368,2
1.1887,-0.89436,-1.396,0.37471,-0.40442,-0.25151,-0.0030854,0.56067,-0.051516,-0.2723,3
1.2211,-0.20549,-0.75203,-0.0077839,-1.1738,-0.28855,0.53367,-0.44771,-0.082211,-0.72426,4
0.26403,0.69461,-1.5108,-0.59584,-0.91736,0.96004,-0.023971,-0.21578,-0.091904,-0.46166,5
0.24,0.38595,-1.1382,-0.22115,0.023956,-0.023089,0.057483,0.05816,-0.7058,-0.31875,6
-0.075549,1.0179,-1.2934,-1.275,-0.089723,0.97856,0.1264,-0.057803,-0.8205,-0.58671,7
-0.94279,2.1293,-0.22412,-0.76107,-1.4871,-0.16817,0.75924,0.28841,1.0874,-0.3116,8
-1.1162,1.7585,-1.5459,0.37601,0.93894,0.3396,-1.2186,-1.1166,-0.22761,-0.84216,9
-1.7944,1.6335,0.22818,-0.037707,-0.38917,0.31954,-0.046945,-0.93173,1.2926,-0.17762,10
-0.61575,0.40406,-0.36184,0.0052262,0.14595,0.82731,0.009446,-0.48804,-0.83019,-0.55277,11
-0.93966,-1.153,0.089112,1.5014,0.70742,1.5928,1.0161,-1.2309,0.068032,-1.4085,1
0.2097,-0.92799,-0.82224,1.0864,0.7504,1.3119,0.37494,0.85478,-0.29384,-0.98686,2
0.49286,-0.53139,-0.72638,-0.45924,1.2315,-0.32868,0.14729,0.35731,-0.73165,-0.30625,3
0.71542,0.13851,-1.1355,-0.5373,0.93478,-0.75465,0.009446,0.6968,-0.10483,-1.2137,4
0.44375,0.8567,0.4307,-1.3205,-0.2547,0.43684,0.1097,0.59428,0.51876,-1.5264,5
0.76557,1.0067,-1.2057,-1.2177,1.0554,0.39825,-0.08245,-0.13679,0.63185,-1.1834,6
0.20239,1.5706,0.07021,-1.6184,-0.38779,0.52172,0.57544,0.99427,0.65931,-1.8104,7
-0.97832,1.7904,0.94916,-0.81701,-0.83834,-0.7531,-0.75705,2.7253,0.46545,-0.61708,8
-0.72755,1.3016,-0.73988,-0.050717,0.057228,-0.60957,1.1289,1.5539,0.71747,-0.417,9
-1.5091,1.0576,-0.55086,0.82747,-0.30876,-0.17897,0.30184,0.48336,1.0309,-1.4853,10
-0.39841,-0.1072,-0.54276,-0.19643,0.77258,-0.41202,0.9305,0.7489,-1.394,-0.44558,11
-0.92503,-1.1944,0.18092,1.5729,0.71574,1.67,1.0328,-1.3351,-0.14522,-1.3763,1
0.13865,-0.89781,-0.75473,1.2074,0.75455,1.3814,0.33735,0.98755,-0.43924,-0.85467,2
0.52212,-0.52018,-0.81819,-0.38117,1.2841,-0.35954,0.30393,0.22286,-0.67834,-0.37591,3
0.80632,0.16696,-1.415,-0.19903,0.62978,-0.88892,0.27469,0.66487,-0.34877,-1.0494,4
0.42703,0.95154,0.22413,-1.2672,-0.1327,0.31337,0.21412,0.62957,0.4703,-1.5442,5
0.73422,0.87911,-0.71152,-1.53,0.75871,0.7131,-0.33934,-0.36032,0.83056,-1.1798,6
0.12716,1.3593,0.83574,-1.4701,-0.88409,0.52326,0.70076,0.80604,1.0228,-1.4049,7
-0.96369,1.7042,1.0302,-0.74806,-0.74823,-0.87503,-0.7675,2.2732,0.82732,-0.38663,8
-0.8592,1.5921,-0.88029,-0.19643,0.37331,-0.45369,1.3482,0.91192,0.4703,-0.70104,9
-1.4997,1.1274,-0.68992,0.39423,0.12655,-0.41665,0.84696,0.25647,1.0583,-0.95113,10
-0.56455,-0.21497,-0.062104,-0.16,0.79337,-0.61574,0.45222,1.0279,-0.94974,-0.57778,11
-0.75994,-1.3953,0.055359,1.8839,0.59929,2.0157,0.82189,-0.86114,-0.27123,-1.6621,1
0.1188,-0.87884,-0.77768,1.167,0.79476,1.3706,0.50861,0.95057,-0.26315,-1.1298,2
0.57645,-0.47449,-0.964,-0.16911,1.176,-0.37035,0.58589,0.064882,-0.56848,-0.39735,3
0.90245,0.18852,-1.4109,-0.2862,0.60483,-0.81638,0.0178,0.81444,-0.41016,-1.0012,4
0.3936,0.80152,0.65347,-1.2555,-0.29767,0.34886,0.16818,0.51361,0.64962,-1.4745,5
0.75408,0.81273,-0.49685,-1.6497,0.64503,0.82113,-0.15555,-0.67123,0.8871,-1.1351,6
0.1491,1.3145,1.0774,-1.4337,-1.1004,0.44301,1.1247,0.57915,1.0713,-1.0369,7
-0.85293,1.6895,0.73448,-1.1162,-0.86053,-0.64198,-0.26207,2.1119,0.8564,-0.26159,8
-0.8289,1.4119,-1.0626,-0.48526,0.58265,0.12199,1.1289,0.71192,0.21828,-0.41522,9
-1.5154,1.1188,-0.62241,0.1028,0.066933,0.078773,0.57753,0.18421,1.2086,-0.84574,10
-0.65023,-0.27188,0.10261,0.055966,0.71019,-0.61729,0.1264,0.98923,-0.73326,-0.54741,11
-0.53216,-1.6557,-0.15526,2.4095,0.67276,1.9586,0.59633,-0.20402,-0.14522,-2.0015,1
0.13969,-0.89264,-0.84924,0.96407,0.81139,1.3397,0.62557,0.89007,-0.090288,-1.3281,2
0.59212,-0.44517,-1.1706,0.083287,0.97082,-0.34102,0.90544,-0.11326,-0.46509,-0.40986,3
0.88886,0.23421,-1.2381,-0.44753,0.82526,-0.79323,0.040774,0.66655,-0.10321,-1.1941,4
0.48764,0.81962,0.54681,-1.3699,-0.32817,0.51246,0.31229,0.39429,0.59469,-1.5228,5
0.75512,0.68426,-0.052653,-1.742,0.33034,1.0804,0.12432,-0.80904,0.89679,-0.98865,6
0.20657,1.2007,1.2853,-1.3166,-1.361,0.18372,1.3419,0.43462,1.1908,-0.78679,7
-0.74322,1.7939,0.3956,-1.5521,-1.1336,-0.067847,0.009446,2.6127,0.38629,-0.36698,8
-0.76203,0.89032,-0.49685,-0.70122,0.36638,-0.64352,0.60468,1.3203,0.83056,-0.059722,9
-1.6199,1.1412,-0.31593,0.0091293,-0.12577,0.22539,0.32691,0.12707,1.459,-0.69389,10
-0.54574,-0.31757,0.079661,-0.19383,0.72821,-0.37343,0.28931,0.99595,-0.55394,-0.83323,11
-0.49872,-1.6815,-0.17687,2.3184,0.60344,2.099,0.54829,-0.24435,-0.43762,-2.039,1
0.13865,-1.1065,-0.67237,0.52823,0.71712,1.4339,0.26007,0.86486,0.26513,-1.5889,2
0.36539,-0.40293,-0.91675,0.23681,1.0928,-0.2762,0.56709,-0.16536,-0.68318,-0.52597,3
0.8199,0.21438,-0.87489,-0.81701,1.0512,-0.58796,-0.29757,0.56235,0.21343,-1.5621,4
0.65481,1.0257,0.095863,-1.6523,-0.23945,0.61124,0.59633,0.20437,0.63831,-1.5621,5
0.69138,0.53683,0.35644,-1.7134,0.10159,1.2008,0.59424,-0.90484,0.77886,-0.96007,6
0.22537,0.77996,1.7282,-1.1865,-1.5426,-0.48301,1.5424,0.20269,1.4283,-0.5617,7
-0.84875,1.6602,0.83304,-1.461,-1.4178,-0.024633,-0.017705,2.5573,0.585,-0.1151,8
-0.95742,0.49976,0.098563,-0.0064829,0.51333,-1.2285,-0.39573,1.0699,1.0583,0.45119,9
-1.7118,1.2869,-0.071555,0.1002,-0.19786,0.247,0.15147,0.046396,1.6545,-0.59921,10
-0.51648,-0.38223,0.020255,-0.24067,0.67553,-0.34257,0.47728,0.82957,-0.2373,-0.75463,11
-0.17795,-1.7953,-0.46175,2.0868,0.45927,2.3059,0.57962,-0.28805,-0.67672,-2.0658,1
0.17417,-1.3091,-0.54951,0.3617,0.52858,1.8675,-0.057388,1.0968,0.33459,-1.7175,2
0.12507,-0.40379,-0.4739,-0.023396,1.2661,-0.12032,0.055394,-0.19393,-0.7478,-0.61886,3
0.74885,0.22214,-0.85329,-0.8001,1.0485,-0.40276,-0.37902,0.44807,0.14073,-1.6585,4
0.65063,0.85325,0.51441,-1.7069,-0.71219,0.59426,1.0579,-0.16368,0.89033,-1.3173,5
0.4845,0.28508,0.88165,-1.5026,0.061387,0.99399,0.80518,-0.75526,0.83217,-1.0923,6
0.1585,0.41699,1.9496,-1.275,-1.5592,-0.83027,1.768,0.08505,1.4945,-0.46166,7
-0.99817,1.2429,1.3191,-0.91199,-1.2723,-0.69909,-0.61921,1.5724,1.173,0.13499,8
-0.9198,0.76789,-0.20117,0.38772,0.17091,-0.82873,0.065837,0.78083,1.0131,-0.21157,9
-1.8038,1.4093,-0.0216,0.016935,0.086341,-0.1373,0.52741,0.088411,1.6319,-0.10081,10
-0.51962,-0.53139,-0.014849,-0.055921,0.65335,-0.56173,0.34988,0.74554,0.050262,-0.58671,11
0.73527,-1.666,-1.1017,0.81315,0.86408,1.9262,0.10134,0.53882,-1.7995,-0.73855,1
0.26508,-0.84349,-0.5009,0.93675,1.1205,0.90293,0.070014,-0.15024,-1.1178,-0.94577,2
1.2065,-0.51846,-0.78443,-0.4163,1.456,-0.34874,0.91588,-0.07629,-1.0838,-0.94399,3
1.1135,-0.20118,0.17012,-1.1553,0.57572,-0.72378,0.30184,-0.82585,0.26189,-0.55813,4
0.62869,0.11696,0.24168,-0.43972,-0.36976,-0.49073,-0.72155,-0.39225,0.99534,-0.76178,5
0.85752,-0.11324,0.22278,-0.17171,-0.037042,-0.48919,-1.0035,-0.051081,0.84186,-0.74927,6
0.16582,0.98861,-0.61026,-0.40459,-0.24361,-1.2069,0.90126,-0.18889,1.1003,-0.38485,7
-0.68575,1.5525,-2.1899,-0.36426,-0.073087,0.83348,1.4881,0.20269,0.42345,-0.99222,8
-0.89055,1.5387,-0.82359,-0.94321,-0.21588,1.1777,0.69658,0.67663,-0.96913,-0.62422,9
-0.89368,-0.68486,-0.23627,1.2178,0.5674,2.0358,-0.19106,0.078327,-0.44086,-0.22586,10
-0.044203,0.098854,0.07291,0.039053,1.1289,-0.41974,0.10343,-0.57208,0.16981,-1.5353,11
0.82513,-1.7255,-1.2462,0.73509,0.87239,1.9416,0.18697,0.47832,-1.5959,-0.95649,1
0.21492,-0.83573,-0.47525,0.56856,1.4519,0.65908,0.68823,-0.72669,-0.25346,-1.1816,2
1.0028,-0.55639,-0.24167,-0.65179,1.804,0.1189,0.46684,-0.11663,-0.70095,-1.4781,3
1.0822,-0.21411,0.19712,-1.0369,0.55631,-0.7994,0.27469,-0.66451,0.21828,-0.42415,4
0.5963,0.11351,0.32404,-0.4124,-0.25608,-0.67748,-0.48345,-0.50653,1.0713,-0.81537,5
0.82408,-0.14428,0.27678,-0.1535,-0.053678,-0.54938,-0.64845,-0.20234,1.0341,-0.76356,6
0.051925,0.98344,-0.40234,-0.74416,-0.052292,-0.98461,0.90961,-0.18889,1.3071,-0.72248,7
-0.7777,1.6964,-2.0482,-0.51128,0.24993,0.53098,1.6573,0.13043,0.20374,-0.77607,8
-1.0118,1.6516,-0.40909,-0.76888,-0.55415,0.84274,0.99942,0.62285,-0.99336,-0.47595,9
-0.89995,-0.64951,-0.27003,1.2399,0.47313,2.3506,-0.34143,0.083369,-0.62341,-0.1937,10
-0.10272,0.17041,0.17822,0.1002,1.1469,-0.38424,0.063748,-0.47628,0.17466,-1.6192,11
0.8199,-1.7496,-1.2813,0.68435,0.83219,2.0311,0.27887,0.39765,-1.6444,-0.93684,1
0.23582,-0.88402,-0.54951,0.4905,1.42,0.52326,0.93676,-0.68468,-0.11937,-0.89933,2
0.89931,-0.55984,-0.19172,-0.5451,1.8304,0.22848,0.40836,-0.24099,-0.67187,-1.4763,3
1.0498,-0.17445,0.24438,-1.0564,0.50363,-0.71452,0.31437,-0.74182,0.00018052,-0.33125,4
0.55137,0.12472,0.079661,-0.4176,-0.25192,-0.75773,-0.52314,-0.23259,1.1213,-0.91719,5
0.74049,-0.12876,0.12017,-0.19383,0.20141,-0.696,-0.37694,-0.20066,1.1504,-1.1191,6
-0.078684,1.005,-0.24842,-1.1149,-0.043974,-0.55401,1.083,-0.46283,1.4396,-0.94935,7
-0.84666,1.6801,-1.072,-1.1566,0.23884,0.013952,1.5487,0.30689,0.54461,-0.29553,8
-0.96891,1.5956,-0.53601,-0.71684,-0.20618,0.585,1.3545,0.38588,-0.23245,-0.70104,9
-1.0149,-0.52363,-0.20657,1.3375,0.51333,2.2441,-0.40409,-0.26116,-0.45701,-0.4956,10
-0.078684,0.05747,-0.045902,0.2264,1.1275,-0.38269,0.20368,-0.24435,0.10196,-1.7675,11
0.74572,-1.772,-1.2421,0.67004,0.78089,2.1608,0.29349,0.29009,-1.6961,-0.89754,1
0.2191,-0.9823,-0.41584,0.47489,1.3437,0.38745,1.0976,-0.64098,0.058339,-0.88325,2
0.91708,-0.5426,-0.49685,-0.38638,1.7416,0.047906,0.66943,-0.20066,-0.92874,-1.3352,3
1.0362,-0.089961,0.15797,-0.94711,0.31925,-0.52314,0.33944,-0.85778,-0.13391,-0.3259,4
0.4636,0.20662,-0.25382,-0.24587,-0.39888,-0.66204,-0.75079,0.10354,1.0487,-1.1512,5
0.61302,-0.10979,0.18497,-0.32783,0.3345,-0.49845,-0.16599,-0.42082,0.97757,-1.0851,6
-0.15078,1.0438,-0.48605,-1.0733,-0.093882,-0.40276,1.0391,-0.45107,1.2942,-1.1316,7
-0.92503,1.7344,-1.0693,-1.072,-0.050906,0.51246,1.0433,0.50185,0.09388,-0.072227,8
-0.91144,1.5266,-0.69667,-0.62967,-0.014861,0.60352,1.3211,0.40605,0.084187,-0.43308,9
-1.204,-0.34258,-0.13636,1.5001,0.5771,2.0635,-0.51269,-0.4309,-0.32615,-0.63851,10
-0.16959,0.045399,-0.093158,0.093695,1.237,-0.47375,0.21621,-0.40569,0.17627,-1.5996,11
0.7384,-1.7764,-1.2907,0.52433,0.70881,2.2596,0.53576,0.19261,-1.3649,-1.2227,1
0.27448,-1.1013,-0.28083,0.39943,1.3853,0.3396,1.1498,-0.63258,0.24897,-0.94756,2
0.88678,-0.55036,-0.51845,-0.34475,1.6779,0.0046915,0.8031,-0.15192,-0.94328,-1.2298,3
1.0654,-0.069269,0.12557,-0.78969,0.27072,-0.44597,0.26843,-0.84098,-0.074133,-0.39914,4
0.45315,0.25059,-0.35374,-0.19253,-0.53335,-0.46449,-1.016,0.46319,0.76432,-1.1709,5
0.45733,-0.121,0.40235,-0.46574,0.56047,-0.32096,0.13685,-0.76535,0.70131,-1.0494,6
-0.17899,1.1188,-1.0005,-1.033,0.035047,-0.063217,0.98898,-0.45275,1.0228,-1.5121,7
-0.92085,1.7396,-0.9478,-0.95492,-0.19508,0.44147,0.8929,0.50185,0.22151,0.39938,8
-1.0191,1.4818,-0.27678,-0.33043,-0.28936,0.32108,1.1394,0.17244,0.24251,-0.43844,9
-1.3482,-0.19256,-0.089107,1.612,0.62701,1.9679,-0.7299,-0.38385,-0.40855,-0.59028,10
-0.25109,0.073851,-0.30648,0.31227,0.89457,-0.17897,-0.22447,-0.16032,-0.19207,-1.5782,11
0.8105,-1.7953,-1.3852,0.41374,0.66306,2.2163,0.83442,0.14219,-0.95621,-1.596,1
0.25881,-1.097,-0.36184,0.56206,1.42,0.38282,1.0099,-0.62081,0.21666,-0.98865,2
0.81677,-0.62537,-0.41314,-0.20163,1.6279,-0.17588,0.83025,-0.16704,-0.85443,-1.0619,3
1.1104,-0.11669,0.20387,-0.77538,0.30122,-0.46295,0.28096,-0.85106,-0.045054,-0.50989,4
0.48137,0.28853,-0.32808,-0.2797,-0.49315,-0.49227,-0.89907,0.31025,1.0147,-1.1226,5
0.32568,-0.1279,0.56436,-0.4202,0.76842,-0.21601,0.39583,-0.81409,0.41214,-1.1208,6
-0.18004,1.0998,-1.1017,-1.1293,0.3747,-0.13421,1.1937,-0.5704,0.79017,-1.3173,7
-0.91144,1.6844,-0.75473,-0.86385,-0.21172,0.0031481,1.0809,0.080008,0.74655,0.45119,8
-1.0504,1.1507,-0.4496,-0.011687,-0.32956,0.64982,1.0725,0.039673,0.26836,-0.66352,9
-1.3869,-0.17273,-0.063454,1.5482,0.60067,2.0172,-0.803,-0.093097,-0.50871,-0.36877,10
-0.12361,-0.16238,-0.60621,0.51002,0.71574,-0.28238,-0.059476,0.14219,-0.4667,-1.1262,11
-0.25945,-1.96,0.93025,1.9685,1.402,0.68223,-1.5006,-1.8107,-0.24215,1.5462,1
-0.28452,-0.62795,0.63187,1.2568,1.6169,-0.50616,-1.6593,-1.1754,-0.70903,1.4837,2
0.36852,-0.18997,0.48606,0.093695,0.49392,-1.3504,-0.96591,-0.51157,0.21343,1.3337,3
1.1908,0.36354,0.20387,-0.95752,0.17091,-0.77008,-0.40409,-1.0023,-0.024052,0.6727,4
0.94424,1.3869,-0.96805,-1.4961,0.31925,0.52635,0.23501,-1.2561,-0.83181,0.70485,5
0.59839,0.73168,0.10531,-1.3647,0.29429,-0.10797,-0.32263,-0.54182,-0.7478,0.27969,6
0.48555,1.6042,-0.16472,-2.0374,-0.44324,0.65445,0.80518,0.014464,-1.2034,0.13499,7
-0.28557,1.2654,-0.33753,-1.8019,-0.21172,1.4169,1.8891,0.083369,0.1375,-1.4906,8
-0.82994,2.0767,-0.65617,-0.7988,-0.30876,0.31182,0.64437,-0.39561,-0.35362,-1.1333,9
-1.3628,1.2559,0.38749,-0.53079,0.086341,-0.2762,-0.4563,0.84301,-0.72357,-1.5156,10
0.16164,0.44544,-0.48335,-0.17692,0.38718,0.098837,-0.72155,-0.162,-0.46993,0.56909,11
-0.56246,-1.672,0.97481,1.3583,1.7638,1.2054,-1.9997,-1.8628,0.17143,1.2193,1
-0.14242,-0.89091,0.32269,1.4337,1.6737,-0.45986,-1.1664,-1.0342,-0.72519,1.523,2
0.55033,-0.35637,0.455,0.43716,0.57572,-1.4492,-0.92414,-0.56199,0.053493,1.5462,3
1.2734,0.35147,0.51306,-0.95752,0.20973,-0.4969,-0.60041,-1.1015,-0.11937,0.41367,4
0.96096,1.4525,-0.59271,-1.7537,0.12793,0.29176,0.34988,-1.1082,-0.84312,0.23325,5
0.7081,0.57391,0.010804,-1.1605,0.44402,-0.080194,-0.013528,-0.50317,-0.5701,-0.18477,6
0.40823,1.5706,0.017554,-2.0413,-0.25331,1.0619,0.42507,-0.2057,-1.1598,0.079616,7
-0.1978,1.2938,-0.27678,-1.8539,-0.37669,1.3042,1.8453,-0.037636,0.20858,-1.1459,8
-0.77561,1.6714,-0.27003,-0.56852,0.033661,-0.59568,0.84904,-0.13679,0.41375,-0.2991,9
-1.274,1.1378,0.70613,-0.70643,-0.064769,-0.029263,-0.63801,0.87158,-0.49901,-1.6532,10
0.10417,0.70151,-0.54411,-0.025998,0.60067,-0.016916,-0.82389,-0.45443,-0.54586,0.4887,11
-0.55619,-1.7126,0.96671,1.3791,1.7181,1.2286,-1.8473,-1.8947,0.12619,1.164,1
-0.10376,-0.99868,0.25248,1.2438,1.7513,-0.43826,-1.0724,-0.72165,-0.57333,1.7213,2
0.51271,-0.27964,0.47255,0.67915,0.48422,-1.105,-1.2061,-0.7519,0.12296,1.4105,3
1.3246,0.34457,0.72908,-0.82612,0.33865,-0.7778,-0.17644,-0.87627,-0.22599,-0.025781,4
0.90036,1.6292,-1.0194,-1.5482,0.12932,0.2933,0.37494,-1.1754,-0.92713,0.48691,5
0.7081,0.55494,-0.10126,-0.88857,0.29291,-0.2762,0.37703,-0.60233,-0.5184,-0.30625,6
0.28075,1.4292,0.052658,-1.9749,-0.27411,1.1375,0.46475,-0.31326,-1.2922,-0.016849,7
-0.2187,1.3723,-0.4712,-1.7876,-0.40442,0.94615,1.7137,-0.29141,-0.048285,-0.95292,8
-0.69098,1.2524,0.081011,-0.61145,0.2832,-0.94757,1.014,-0.24267,0.9598,0.32971,9
-1.1664,0.94291,1.0045,-0.57112,-0.21449,-0.12958,-0.69857,0.97074,-0.11614,-1.8372,10
-0.023306,0.76272,-0.5198,-0.097554,0.55215,-0.21755,-0.76332,-0.48972,-0.55879,0.29577,11
-0.33781,-1.9048,0.85735,1.5899,1.5559,1.1144,-1.7408,-2.0241,0.074494,0.88349,1
0.01222,-0.96765,0.22008,0.99139,1.7624,-0.38269,-1.3398,-0.58888,-0.40047,1.7428,2
0.42285,-0.19428,0.4091,0.82226,0.18477,-0.83953,-1.3878,-1.246,0.22635,1.5909,3
1.2619,0.4739,0.48471,-1.0239,0.52165,-0.87349,-0.52314,-0.81577,0.00018052,0.11177,4
0.83871,1.7309,-1.2759,-1.1527,0.04891,0.64673,0.39792,-1.3334,-1.2567,1.4408,5
0.61615,0.61529,0.091812,-0.45663,-0.028724,-0.3117,0.36032,-0.53846,-0.35685,0.001015,6
0.25881,1.5042,-0.5063,-1.6601,-0.037042,0.71001,1.2354,-0.39897,-1.4602,0.3708,7
-0.23019,1.3369,-0.40369,-1.5924,-0.70803,0.47233,1.791,0.071605,-0.30515,-0.98508,8
-0.68053,1.2274,0.20252,-0.75847,0.057228,-0.6034,1.202,-0.34687,1.291,0.12606,9
-1.1831,0.89636,0.9343,-0.45273,-0.064769,-0.49999,-0.67978,1.2733,0.066417,-1.8408,10
-0.1069,0.64978,-0.42124,-0.22505,0.41213,-0.23607,-0.60041,-0.29477,-0.41178,0.16894,11
0.32882,-2.1902,0.18227,1.3531,1.4935,1.3613,-1.4233,-2.2409,-0.01759,1.0246,1
-0.22183,-0.6771,0.52386,1.2295,1.2855,-0.8241,-1.4588,-0.86619,-0.22115,1.7803,2
0.34553,-0.15031,0.50226,0.91593,0.13625,-0.95837,-0.80718,-1.362,0.14073,1.6695,3
1.1971,0.65323,0.043207,-0.83393,0.66999,-0.95374,-0.87192,-0.83593,0.21343,0.27433,4
0.7896,1.8232,-1.2921,-1.0759,-0.012088,0.74705,0.41463,-1.1905,-1.3698,2.0143,5
0.47928,0.71099,0.012154,-0.26148,0.057228,-0.2407,0.15356,-0.76367,-0.268,0.76559,6
0.29642,1.587,-1.0126,-1.4142,0.31509,0.60043,1.5592,-0.7519,-1.2195,0.76917,7
-0.23332,1.4542,-0.36454,-1.5508,-0.66782,0.31337,1.9664,0.23126,-0.34554,-1.1423,8
-0.84144,1.2973,-0.5144,-0.59324,-0.3157,0.60506,1.0746,0.13547,0.12458,-1.4745,9
-1.4067,1.1593,0.69668,-0.61796,-0.13131,-0.37652,-0.57326,1.4867,-0.40208,-1.7371,10
-0.13093,0.74117,-0.17552,-0.13658,0.21666,-0.29935,-0.53984,0.032951,-0.44086,0.11356,11
0.6684,-2.2945,-0.16607,1.4155,1.4103,0.99399,-1.4713,-2.0594,-0.13875,1.2676,1
-0.34617,-0.057198,0.70748,1.3075,1.0665,-1.1112,-1.7366,-1.0511,-0.062825,2.0321,2
0.32986,-0.27878,0.35644,0.98359,0.53967,-1.1281,-0.39573,-1.4057,-0.062825,1.7124,3
1.1919,0.6015,0.049958,-0.59974,0.84883,-0.94448,-0.92205,-0.71661,-0.059594,0.76738,4
0.7384,1.699,-1.1557,-1.1241,-0.13547,0.83348,0.35406,-1.0561,-1.2922,1.8374,5
0.3006,0.79893,-0.16742,-0.13008,0.19586,-0.57407,0.33108,-1.1737,-0.21953,1.2318,6
0.36434,1.6809,-1.3029,-1.409,0.57433,0.44147,1.4004,-0.94349,-1.0693,0.65484,7
-0.23959,1.8378,-0.78443,-1.4675,-0.2547,0.30102,2.4886,-0.3183,-0.6541,-0.85288,8
-0.77143,1.2171,-1.095,-0.2875,0.24022,0.72545,1.1707,-0.10822,-0.40208,-1.4049,9
-1.4642,1.3869,0.59812,-0.8027,-0.21727,-0.16354,-0.38738,1.2917,-0.47963,-1.68,10
-0.19153,0.8429,-0.032401,-0.1626,0.26795,-0.52005,-0.50434,0.18925,-0.14522,-0.01149,11
-1.6136,-0.49087,2.2844,1.5886,0.97082,-1.3735,-1.4797,-0.93173,-0.03213,1.9786,1
-0.93025,0.16352,1.3083,1.0486,0.91814,-1.1606,-0.79882,-1.8191,-0.39401,1.4301,2
0.072822,-0.30205,0.37129,1.128,-0.31015,-1.1235,-0.065742,-1.651,0.32813,2.1679,3
0.24627,0.098854,-0.60486,0.20818,-0.84666,-0.12495,0.40627,-1.1653,0.10519,1.214,4
0.23478,0.78169,-1.0383,-0.18342,-0.83834,1.3613,0.24336,-1.4712,-0.31808,1.3051,5
0.10626,0.039364,-0.63052,0.2251,0.78228,0.1189,-0.21612,-1.3082,-0.81727,1.8499,6
-0.15809,1.4309,-1.6985,0.29665,0.243,1.3058,-0.036502,-1.0242,-1.7155,0.20466,7
-0.60634,2.1827,-1.8889,-0.98875,1.0665,0.46307,-0.13884,-1.1351,-0.81404,-0.045431,8
-0.91144,0.28077,-0.37669,0.47229,0.95835,-0.2654,-0.83224,-1.0275,-0.55879,0.88349,9
-0.95428,0.43682,0.22683,1.7577,1.5378,-1.3535,-1.1581,-1.609,-0.63795,0.57623,10
-0.3305,0.76962,0.087762,0.40724,0.81694,-0.74539,-0.37485,-1.6208,-0.84473,1.9696,11
-1.5906,-0.62105,2.3763,1.6614,0.9736,-1.5279,-1.4212,-0.52334,-0.091904,1.6481,1
-0.88428,0.31526,1.0032,0.9979,1.1635,-0.93985,-1.2165,-1.6897,-0.12098,1.3926,2
0.20343,-0.5038,0.20928,1.4103,-0.46403,-0.71298,-0.21821,-2.0477,0.49776,2.0625,3
0.14387,0.01005,-0.60891,0.19387,-0.91043,-0.04161,0.38956,-0.96198,0.050262,1.3212,4
0.25149,0.80842,-1.072,-0.16781,-0.88687,1.4863,0.067925,-1.6964,-0.1016,1.214,5
0.095809,0.076437,-0.61701,0.26283,0.75455,0.035559,-0.19314,-1.3351,-0.76234,1.6731,6
-0.24377,1.4706,-1.8321,0.37601,0.31509,1.3274,-0.26624,-1.5401,-1.5071,0.068898,7
-0.65859,2.2232,-1.55,-1.3023,0.60067,0.49085,0.23292,-0.93845,-0.61048,-0.417,8
-0.95742,0.39458,-0.059404,0.22119,0.88764,-0.24996,-1.2019,-0.9082,-0.42308,0.82276,9
-0.91771,0.55321,0.19982,1.9216,1.6848,-1.1806,-1.6405,-1.3872,-0.83827,0.42975,10
-0.30124,0.71185,0.036457,0.41895,0.99716,-0.81484,-0.40618,-1.5317,-0.83666,1.8499,11
-1.6606,-0.46414,2.5369,1.3205,0.90289,-1.3303,-1.5841,-0.57544,0.013105,1.716,1
-0.86965,0.34716,1.0032,0.72989,1.5087,-1.0988,-1.3606,-1.3737,-0.3827,1.6802,2
0.21179,-0.50121,0.10126,1.2828,-0.26856,-0.66822,-0.061565,-2.2964,0.3459,2.2233,3
0.1188,-0.18739,-0.37939,0.39423,-1.1392,-0.13267,0.64437,-0.93005,0.0082581,1.4909,4
0.20866,0.90153,-1.1193,-0.22245,-0.75794,1.42,-0.044856,-1.404,-0.47155,1.4462,5
-0.041068,0.1411,-0.65482,0.27063,0.90151,-0.030806,-0.50643,-1.2712,-0.66057,1.5177,6
-0.3399,1.4749,-1.7363,0.2342,0.22082,1.1638,0.15564,-1.8746,-1.4134,0.061752,7
-0.71083,2.1836,-1.4487,-1.288,0.22082,0.74397,-0.078273,-0.69308,-0.49901,-0.7582,8
-0.92503,0.517,0.044557,0.26933,0.86408,-0.24533,-1.0599,-1.0679,-0.56525,0.75845,9
-0.87174,0.47303,0.11206,2.0569,1.9343,-0.94602,-1.7596,-1.3569,-1.0176,0.32793,10
-0.29184,0.60753,0.10531,0.52173,0.80862,-0.68519,-0.24118,-1.6376,-1.0031,1.9107,11
-1.6679,-0.37103,2.2669,1.331,0.96666,-1.1374,-1.6906,-0.90988,0.26028,1.732,1
-0.86025,0.23508,1.284,0.41635,1.6127,-1.0788,-1.3753,-1.1754,-0.75265,1.7177,2
0.21074,-0.52708,0.13367,1.3739,-0.38363,-0.70989,-0.088716,-2.1922,0.22312,2.134,3
0.11671,-0.28912,-0.32133,0.57117,-1.2487,-0.061673,0.66734,-1.204,0.15365,1.3837,4
0.21179,0.92739,-1.1733,-0.26148,-0.54305,1.2101,0.22874,-1.32,-0.66057,1.0318,5
-0.21347,0.23421,-0.63592,0.41374,0.84605,-0.067847,-0.69857,-1.3233,-0.37462,1.3158,6
-0.40468,1.4231,-1.6944,0.039053,0.43986,0.75323,0.45848,-1.7519,-1.2906,-0.16333,7
-0.71605,2.137,-1.496,-1.1201,0.11684,0.84583,-0.35396,-0.30318,-1.0451,-0.64387,8
-0.83203,0.46269,-0.11611,0.58808,0.99578,-0.10952,-0.79465,-1.4158,-0.71711,0.88349,9
-0.85502,0.39371,0.029706,2.1311,2.084,-0.87812,-1.8034,-1.488,-0.95297,0.21717,10
-0.35871,0.68944,0.25383,0.54775,0.43986,-0.65741,-0.27042,-1.8057,-0.8415,1.7838,11
-1.6585,-0.35033,2.0765,1.6133,0.84051,-1.2084,-1.6698,-0.9603,0.4703,1.6695,1
-0.83517,0.23076,1.1328,0.66224,1.4533,-1.1976,-0.97217,-1.3687,-0.80919,1.8821,2
0.21701,-0.5814,0.13097,1.5873,-0.6401,-0.37189,-0.81553,-1.9267,0.51068,1.607,3
-0.02853,-0.12617,-0.44015,0.37601,-0.96727,0.050993,0.4188,-1.4578,0.42829,1.0907,4
0.24941,0.94378,-1.2327,-0.26278,-0.48483,1.3058,-0.032325,-0.99055,-1.0838,1.2354,5
-0.30229,0.25146,-0.55896,0.47099,0.92923,-0.23144,-0.67769,-1.3519,-0.53617,1.4462,6
-0.36916,1.3645,-1.9159,0.21599,0.90428,0.36584,0.2559,-1.7435,-1.3407,0.29934,7
-0.70143,2.1698,-1.5837,-0.96793,0.15011,0.41831,0.28513,-0.47796,-1.0531,-0.65995,8
-0.72128,0.34285,-0.17822,0.6128,1.2356,0.10038,-0.62756,-1.488,-1.1549,1.2461,9
-0.93548,0.53683,0.18632,1.7824,2.0577,-0.82718,-1.8535,-1.5821,-1.1501,0.034957,10
-0.44334,0.90067,0.19847,0.37341,0.52858,-0.93213,-0.59623,-1.6494,-0.83989,1.8446,11
-1.5885,-0.50294,2.0752,1.8084,0.81833,-1.3596,-1.4818,-0.87795,0.20212,1.7302,1
-0.78397,0.16352,0.96536,1.0877,1.1677,-1.1961,-0.54193,-1.7653,-0.56848,2.0071,2
0.17,-0.55639,0.16202,1.4663,-0.40165,-0.45986,-0.6568,-1.8695,0.19889,1.4194,3
-0.18213,-0.018401,-0.43879,0.32007,-0.81339,0.061796,0.1264,-1.4376,0.29744,1.2354,4
0.27657,0.91446,-1.014,-0.37857,-0.59851,1.0372,0.51279,-0.82753,-1.3488,0.896,5
-0.41827,0.29801,-0.17687,0.41635,0.71435,-0.31479,-0.41035,-1.5586,-0.93359,1.9142,6
-0.4214,1.4438,-1.523,0.049461,0.54245,0.26861,0.55874,-1.4847,-1.8431,1.1979,7
-0.65336,2.2025,-1.4622,-0.84564,0.10714,0.060253,0.64019,-0.79056,-1.0887,-0.38663,8
-0.7265,0.32215,-0.27273,0.60499,1.5434,0.08649,-0.64845,-1.5737,-1.2712,1.3176,9
-0.99399,0.69547,0.33484,1.4194,2.073,-0.99541,-1.557,-1.6157,-1.0402,-0.029354,10
-0.49036,0.84808,0.36454,0.18216,0.67692,-1.0325,-0.73199,-1.3099,-1.2615,1.8982,11
-0.9198,-0.709,1.5959,1.2412,0.89735,-0.58488,-2.3694,-1.4124,-0.10967,1.9053,1
-0.67321,0.33422,0.98021,1.3362,1.585,-0.14347,-1.2562,-1.4292,-1.163,1.3158,2
-0.28661,0.20662,0.07156,0.64923,0.46758,-1.1606,-0.96591,-0.41914,-0.67187,2.0089,3
0.60884,0.30664,-1.3542,0.47359,-0.10359,-0.46295,-0.48136,-1.1132,0.2102,2.3055,4
0.049835,1.2067,-1.3744,-1.141,0.50779,0.2578,0.26216,-1.0897,-0.1743,1.4391,5
0.30896,1.2024,-1.1503,-0.6726,0.14041,-0.15736,0.50234,-1.2763,-0.55879,1.6338,6
0.11253,0.99982,-0.53871,-1.1566,-0.13131,0.67914,1.012,0.14891,-0.75103,0.29041,7
-0.49663,1.5921,-0.78713,-1.6731,0.60344,1.0341,1.72,0.159,0.01472,-0.64745,8
-0.84666,1.0697,1.0221,-1.02,0.57572,0.35658,-0.69857,0.12539,-0.65572,-1.0262,9
-0.87905,0.34974,0.36184,0.67134,1.4935,0.19607,-1.8723,-1.0393,-1.289,-0.82966,10
-0.29706,0.44975,-0.53601,-0.12097,1.2134,-0.49227,-0.48554,-0.6914,-1.3148,1.5069,11
-0.69934,-1.0582,1.4757,1.556,0.92785,-0.43517,-1.9392,-1.6964,-0.58625,1.9786,1
-0.56664,-0.060647,0.79119,1.3349,1.8913,0.52172,-0.86357,-1.0948,-1.4312,1.4659,2
-0.21138,0.041951,-0.20927,1.0122,0.54938,-0.97072,-0.99515,-0.72165,-0.52163,2.0214,3
0.56391,0.30491,-1.3312,0.53604,-0.31292,-0.23916,-0.68604,-1.0427,0.49453,1.8178,4
0.096854,1.1438,-1.3798,-1.1761,0.86269,0.31491,-0.24327,-0.92837,-0.20499,1.1729,5
0.27657,1.08,-0.9505,-0.60885,-0.12161,0.057166,0.66943,-1.32,-0.67995,1.5677,6
0.14596,1.0067,-0.4739,-1.2711,-0.15765,0.70847,1.3816,0.11026,-0.8205,0.040316,7
-0.48827,1.5982,-0.84654,-1.6054,0.62008,0.71927,1.7972,0.35227,0.25382,-0.62958,8
-0.79128,0.85411,1.1638,-0.88467,0.51195,0.47542,-0.42915,0.22622,-0.38593,-0.95113,9
-0.92189,0.42044,0.50226,0.52433,1.499,0.22539,-1.9809,-0.93845,-1.3229,-0.89218,10
-0.27721,0.43079,-0.41179,-0.21334,1.1427,-0.24688,-0.43959,-0.68132,-1.4506,1.5695,11
-0.51648,-1.2375,1.3204,1.6796,1.0013,-0.21755,-1.8285,-1.9317,-0.87381,1.9285,1
-0.53007,-0.1917,0.65617,1.4038,1.7971,0.71001,-0.3832,-1.1973,-1.3924,1.2122,2
-0.078684,-0.10376,-0.5144,1.3843,0.66444,-0.8241,-1.0891,-1.0561,-0.39562,1.9464,3
0.5566,0.2937,-1.1773,0.40073,-0.21865,-0.45986,-0.39782,-1.0427,0.43152,1.5838,4
0.11984,1.1412,-1.6472,-0.95362,1.1857,0.21459,-0.53149,-0.99559,-0.075749,0.88528,5
0.25985,1.0015,-0.83844,-0.78319,0.17784,-0.053957,0.62557,-1.2426,-0.8205,1.5623,6
0.12402,0.93257,-0.34428,-1.1982,-0.3462,0.51709,1.3712,0.45143,-0.55394,0.056393,7
-0.51544,1.6232,-0.81414,-1.6562,0.65058,0.67451,1.8724,0.32874,0.4703,-0.64923,8
-0.78606,0.72392,1.2408,-0.76627,0.48145,0.45536,-0.30384,0.32706,-0.38108,-0.81179,9
-0.96891,0.6584,0.4037,0.64012,1.4865,-0.075564,-2.1731,-0.91492,-1.4118,-0.601,10
-0.23959,0.44975,-0.20792,-0.1535,0.82248,-0.33794,0.10343,-0.62754,-1.751,1.707,11
-0.42349,-1.2996,1.3069,1.6471,1.0693,-0.018459,-2.0436,-1.9451,-1.079,1.95,1
-0.43603,-0.41672,0.52116,1.4585,1.6307,0.84737,0.164,-1.1922,-1.3972,0.99425,2
-0.068235,-0.15893,-0.51845,1.4949,0.48145,-0.44597,-1.1915,-1.446,-0.23407,1.866,3
0.54719,0.24628,-1.1031,0.30446,-0.073087,-0.65741,-0.10334,-0.94518,0.16819,1.6874,4
0.12193,1.1378,-1.5527,-0.83913,0.7393,0.26552,0.21204,-1.3687,-0.20661,1.0032,5
0.23896,0.90239,-0.89514,-0.78189,0.53967,-0.0045687,0.48981,-1.3737,-0.81566,1.6481,6
0.074912,0.96188,-0.49685,-1.1982,-0.29629,0.77946,1.1477,0.54722,-0.66057,0.24396,7
-0.5635,1.6309,-0.59541,-1.7095,0.41074,0.98473,1.6636,0.24471,0.5333,-0.65102,8
-0.81427,0.69806,1.2084,-0.68431,0.59929,0.31337,-0.24953,0.44134,-0.59595,-0.82251,9
-1.0222,0.86532,0.4496,0.49701,1.4671,-0.16508,-2.5073,-1.1048,-0.99982,-0.50096,10
-0.16541,0.34974,-0.10801,-0.11186,0.67692,-0.40739,0.41671,-0.4746,-1.8092,1.4837,11
-0.30751,-1.4617,1.3515,1.7291,1.0748,-0.026176,-2.1313,-1.7737,-1.247,2.0286,1
-0.39632,-0.57881,0.59677,1.21,1.7139,0.82113,0.11596,-0.7435,-1.6961,1.1461,2
-0.16018,-0.15721,-0.18632,1.5131,0.17645,-0.29781,-1.0348,-1.4763,-0.41016,1.8106,3
0.47719,0.17903,-1.0788,0.32137,0.061387,-0.73767,-0.16599,-0.63426,-0.087057,1.9696,4
0.15537,1.1024,-1.4014,-0.81962,0.35806,0.53098,0.43551,-1.4796,-0.46347,1.2193,5
0.27448,0.86704,-0.91135,-0.6648,0.6381,0.10655,0.40627,-1.4645,-0.88351,1.4944,6
-0.0097224,1.0878,-0.87759,-1.1657,-0.039815,1.1314,0.966,0.091773,-0.88189,0.34043,7
-0.60216,1.6326,-0.57516,-1.7108,0.10714,1.812,1.3816,0.24807,-0.40855,-0.71533,8
-0.82054,0.64978,0.99236,-0.6674,0.73515,0.47388,-0.21821,0.32874,-0.67349,-0.96185,9
-1.0912,0.92739,0.62647,0.3565,1.2522,-0.1373,-2.5824,-1.1015,-0.85604,-0.54919,10
-0.14869,0.44889,-0.22547,-0.20814,0.88764,-0.22527,-0.013528,-0.50149,-1.5362,1.3926,11
-0.34826,-1.4375,1.3245,1.7577,1.0429,-0.066304,-2.0875,-1.8292,-1.1921,2.1179,1
-0.47364,-0.57708,0.81819,1.1293,1.7583,0.67143,-0.22447,-0.55527,-1.7203,1.1961,2
-0.31482,0.064367,0.078311,1.3336,0.42322,-0.91516,-1.0432,-1.0897,-0.73649,1.8785,3
0.38837,0.19111,-1.095,0.34479,0.15982,-0.78243,-0.2746,-0.69308,-0.066056,2.1911,4
0.17208,1.0421,-1.257,-0.9276,0.35806,0.57419,0.68614,-1.3603,-0.71549,1.2533,5
0.25358,0.85842,-0.9316,-0.59714,0.67831,0.15131,0.30184,-1.3721,-0.99175,1.6284,6
-0.075549,1.1619,-1.3218,-0.94581,0.14873,1.2903,1.1665,-0.5872,-1.0434,0.41367,7
-0.61261,1.612,-0.60891,-1.6549,-0.016247,1.8212,1.2584,0.56571,-0.91582,-0.38663,8
-0.8498,0.62391,0.69668,-0.65309,0.86823,0.68532,-0.43124,0.17412,-0.81566,-0.74213,9
-1.1465,1.0257,0.69263,0.34999,0.98746,-0.10797,-2.714,-0.93677,-0.96105,-0.54562,10
-0.12988,0.50752,-0.31188,-0.31222,1.151,-0.043153,-0.5106,-0.50821,-1.2567,1.3962,11
